{
  "Ads and data": {
    "Ad Interests": {
      "AdInterestCategories": ""
    },
    "Instant Form Ads Responses": {
      "ResponsesList": null
    },
    "Off TikTok Activity": {
      "OffTikTokActivityDataList": null
    }
  },
  "App Settings": {
    "Block List": {
      "App": 1,
      "BlockList": null
    },
    "Settings": {
      "App": 1,
      "SettingsMap": {
        "Allow DownLoad": "Everyone",
        "Allow Others to Find Me": "Disabled",
        "App Language": "English",
        "Content Preferences": {
          "Keyword filters for videos in Following feed": [],
          "Keyword filters for videos in For You feed": [],
          "Video Languages Preferences": []
        },
        "Family Content Preferences": {},
        "Filter Comments": "Enabled",
        "Interests": "",
        "Private Account": "Disabled",
        "Push Notification": {
          "Desktop notification": "Default",
          "New Comments on My Video": "Default",
          "New Fans": "Default",
          "New Likes on My Video": "Default"
        },
        "Suggest your account to Facebook friends": "enabled",
        "Suggest your account to contacts": "enabled",
        "Suggest your account to people who open or send links to you": "enabled",
        "Web Language": "N/A",
        "Who Can Duet With Me": "Everyone",
        "Who Can Post Comments": "Everyone",
        "Who Can Send Me Message": "Friends",
        "Who Can Stitch with your videos": "Everyone",
        "Who Can View Videos I Liked": "Myself"
      }
    }
  },
  "Comment": {
    "Comments": {
      "App": 1,
      "CommentsList": null
    }
  },
  "Direct Message": {
    "Direct Messages": {
      "ChatHistory": {}
    }
  },
  "Income Plus Wallet Transactions": {
    "Transaction History": {
      "TransactionsList": null
    }
  },
  "Location Review": {
    "Location Reviews": {
      "ReviewsList": null
    }
  },
  "Post": {
    "Posts": {
      "VideoList": null
    },
    "Recently Deleted Posts": {
      "PostList": []
    }
  },
  "Profile": {
    "AI-Moji": {
      "CreateDate": "",
      "AIMojiList": null
    },
    "Autofill": {
      "PhoneNumber": "N/A",
      "Email": "N/A",
      "FirstName": "N/A",
      "LastName": "N/A",
      "Address": "N/A",
      "ZipCode": "N/A",
      "Unit": "N/A",
      "City": "N/A",
      "State": "N/A",
      "Country": "N/A"
    },
    "Profile Info": {
      "App": 1,
      "ProfileMap": {
        "PlatformInfo": [
          {
            "Description": "",
            "Name": "Jan Bakker2",
            "Platform": "Google",
            "Profile Photo": ""
          }
        ],
        "bioDescription": "",
        "birthDate": "01-Jan-2003",
        "emailAddress": "None",
        "inferredGender": "None",
        "likesReceived": "None",
        "profilePhoto": "https://p16-pu-sign-no.tiktokcdn-eu.com/tos-no1a-avt-0068c001-no/414afdafb9b36988291e3d0420089e73~tplv-tiktokx-cropcenter:1080:1080.webp?dr=10399&refresh_token=46a9fffd&x-expires=1751623200&x-signature=gTtDBa0qLDCdOh%2F58S6uJjja0sc%3D&t=4d5b0474&ps=13740610&shp=a5d48078&shcp=7996dd0b&idc=useast2a",
        "profileVideo": "None",
        "telephoneNumber": "None",
        "userName": "jan_bakker1103"
      }
    }
  },
  "TikTok Shop": {
    "Communication With Shops": {
      "CommunicationHistories": null
    },
    "Current Payment Information": {
      "PayCard": null
    },
    "Customer Support History": {
      "CustomerSupportHistories": null
    },
    "Order Dispute History": {
      "OrderDisputeHistories": null
    },
    "Order History": {
      "OrderHistories": null
    },
    "Product Browsing History": {
      "ProductBrowsingHistories": null
    },
    "Product Reviews": {
      "ProductReviewHistories": null
    },
    "Returns and Refunds History": {
      "ReturnAndRefundHistories": null
    },
    "Saved Address Information": {
      "SavedAddress": null
    },
    "Shopping Cart List": {
      "ShoppingCart": null
    },
    "Vouchers": {
      "Vouchers": null
    }
  },
  "Tiktok Live": {
    "Go Live History": {
      "GoLiveList": null
    },
    "Go Live Settings": {
      "SettingsMap": {
        "Allow agencies to find and invite you": "N/A",
        "Allow others to invite you to co-host in LIVE": "On",
        "Allow people to send and receive comments during your LIVE": "N/A",
        "Allow suggested LIVE hosts to invite you to co-host in LIVE": "On",
        "Allow viewers to request to go LIVE with you": "N/A",
        "Allow viewers to see and send questions and answers in your LIVE": "N/A",
        "Allow viewers to send you gifts during your LIVE": "N/A",
        "Hide comments that contain the following keywords from your LIVE": [],
        "Hide potential spam or offensive comments from your LIVE": "N/A",
        "People you assigned to moderate your LIVE": [],
        "Show your username and gift information in features with ranking lists": "Off"
      }
    },
    "Watch Live History": {
      "WatchLiveMap": {}
    },
    "Watch Live Settings": {
      "WatchLiveSettingsMap": {
        "app": "N/A",
        "web": "N/A"
      },
      "MostRecentModificationTimeInApp": "0",
      "MostRecentModificationTimeInWeb": "0"
    }
  },
  "Your Activity": {
    "Activity Summary": {
      "ActivitySummaryMap": {
        "note": "data may have delays of up to several days",
        "videosCommentedOnSinceAccountRegistration": 0,
        "videosSharedSinceAccountRegistration": 0,
        "videosWatchedToTheEndSinceAccountRegistration": 0
      }
    },
    "Favorite Effects": {
      "FavoriteEffectsList": null
    },
    "Favorite Hashtags": {
      "FavoriteHashtagList": null
    },
    "Favorite Sounds": {
      "FavoriteSoundList": null
    },
    "Favorite Videos": {
      "App": 1,
      "FavoriteVideoList": [
        {
          "Date": "2025-07-02 10:50:47",
          "Link": "https://www.tiktokv.com/share/video/7519003709280472338/"
        },
        {
          "Date": "2025-07-02 10:48:55",
          "Link": "https://www.tiktokv.com/share/video/7517939245776964896/"
        },
        {
          "Date": "2025-07-02 10:47:20",
          "Link": "https://www.tiktokv.com/share/video/7520647675889356054/"
        },
        {
          "Date": "2025-07-02 10:46:59",
          "Link": "https://www.tiktokv.com/share/video/7520852068635053367/"
        },
        {
          "Date": "2025-07-02 10:45:22",
          "Link": "https://www.tiktokv.com/share/video/7519817740924898582/"
        },
        {
          "Date": "2025-07-02 10:43:34",
          "Link": "https://www.tiktokv.com/share/video/7518354969288822029/"
        },
        {
          "Date": "2025-07-02 10:41:01",
          "Link": "https://www.tiktokv.com/share/video/7513223612996898104/"
        },
        {
          "Date": "2025-07-02 10:31:54",
          "Link": "https://www.tiktokv.com/share/video/7520650462077406519/"
        },
        {
          "Date": "2025-07-02 10:30:44",
          "Link": "https://www.tiktokv.com/share/video/7518036725394902294/"
        },
        {
          "Date": "2025-07-02 10:25:54",
          "Link": "https://www.tiktokv.com/share/video/7517520250867354910/"
        },
        {
          "Date": "2025-07-02 10:18:20",
          "Link": "https://www.tiktokv.com/share/video/7518848392320027926/"
        },
        {
          "Date": "2025-07-02 10:16:06",
          "Link": "https://www.tiktokv.com/share/video/7499293698128104746/"
        },
        {
          "Date": "2025-07-02 10:13:11",
          "Link": "https://www.tiktokv.com/share/video/7519091749256432918/"
        },
        {
          "Date": "2025-07-02 10:08:33",
          "Link": "https://www.tiktokv.com/share/video/7511534456990158110/"
        },
        {
          "Date": "2025-07-02 10:07:39",
          "Link": "https://www.tiktokv.com/share/video/7505648695170370838/"
        },
        {
          "Date": "2025-07-02 08:53:15",
          "Link": "https://www.tiktokv.com/share/video/7434084827265010977/"
        },
        {
          "Date": "2025-07-02 08:53:06",
          "Link": "https://www.tiktokv.com/share/video/7423791952472198418/"
        },
        {
          "Date": "2025-07-02 08:52:50",
          "Link": "https://www.tiktokv.com/share/video/7389637556540869895/"
        },
        {
          "Date": "2025-07-02 08:52:29",
          "Link": "https://www.tiktokv.com/share/video/7521177852063010104/"
        },
        {
          "Date": "2025-07-02 08:51:41",
          "Link": "https://www.tiktokv.com/share/video/7487250260759219478/"
        },
        {
          "Date": "2025-07-02 08:51:15",
          "Link": "https://www.tiktokv.com/share/video/7143221340336606470/"
        },
        {
          "Date": "2025-07-02 08:51:02",
          "Link": "https://www.tiktokv.com/share/video/7459517639426100511/"
        },
        {
          "Date": "2025-07-02 08:50:32",
          "Link": "https://www.tiktokv.com/share/video/7225747552199511297/"
        },
        {
          "Date": "2025-07-02 08:49:27",
          "Link": "https://www.tiktokv.com/share/video/7515402567740919073/"
        },
        {
          "Date": "2025-07-02 08:48:58",
          "Link": "https://www.tiktokv.com/share/video/7187926843599719685/"
        },
        {
          "Date": "2025-07-02 08:48:21",
          "Link": "https://www.tiktokv.com/share/video/7268352763879378178/"
        },
        {
          "Date": "2025-07-02 08:46:44",
          "Link": "https://www.tiktokv.com/share/video/7462733468737293601/"
        },
        {
          "Date": "2025-07-02 08:45:45",
          "Link": "https://www.tiktokv.com/share/video/7520067589343595806/"
        },
        {
          "Date": "2025-07-02 08:45:24",
          "Link": "https://www.tiktokv.com/share/video/7453901742552501546/"
        },
        {
          "Date": "2025-07-02 08:35:55",
          "Link": "https://www.tiktokv.com/share/video/7504384741391535382/"
        },
        {
          "Date": "2025-07-02 08:35:31",
          "Link": "https://www.tiktokv.com/share/video/7468650834545478917/"
        },
        {
          "Date": "2025-07-02 08:32:28",
          "Link": "https://www.tiktokv.com/share/video/7508830630164040982/"
        },
        {
          "Date": "2025-07-02 08:32:08",
          "Link": "https://www.tiktokv.com/share/video/7505823237339729174/"
        },
        {
          "Date": "2025-07-02 08:31:25",
          "Link": "https://www.tiktokv.com/share/video/7489294876048215314/"
        },
        {
          "Date": "2025-07-02 08:30:21",
          "Link": "https://www.tiktokv.com/share/video/7489039746380057902/"
        },
        {
          "Date": "2025-07-02 08:29:05",
          "Link": "https://www.tiktokv.com/share/video/7494228871039126807/"
        },
        {
          "Date": "2025-07-02 08:27:20",
          "Link": "https://www.tiktokv.com/share/video/7378515398527946026/"
        },
        {
          "Date": "2025-07-02 08:26:55",
          "Link": "https://www.tiktokv.com/share/video/7401905768607452446/"
        },
        {
          "Date": "2025-07-02 08:26:26",
          "Link": "https://www.tiktokv.com/share/video/7437609137019735342/"
        },
        {
          "Date": "2025-07-02 08:26:05",
          "Link": "https://www.tiktokv.com/share/video/7520367301628005654/"
        },
        {
          "Date": "2025-07-02 08:25:33",
          "Link": "https://www.tiktokv.com/share/video/7510708700768652575/"
        },
        {
          "Date": "2025-07-02 08:25:14",
          "Link": "https://www.tiktokv.com/share/video/7366384444137147690/"
        },
        {
          "Date": "2025-07-02 08:25:03",
          "Link": "https://www.tiktokv.com/share/video/7470264193292258603/"
        },
        {
          "Date": "2025-07-02 08:24:45",
          "Link": "https://www.tiktokv.com/share/video/7473596803661827358/"
        },
        {
          "Date": "2025-07-02 08:23:59",
          "Link": "https://www.tiktokv.com/share/video/7336185701450403103/"
        },
        {
          "Date": "2025-07-02 08:23:22",
          "Link": "https://www.tiktokv.com/share/video/7516656333169511685/"
        },
        {
          "Date": "2025-07-02 08:17:45",
          "Link": "https://www.tiktokv.com/share/video/7512884665477270806/"
        },
        {
          "Date": "2025-07-02 08:17:23",
          "Link": "https://www.tiktokv.com/share/video/7276719165396815137/"
        },
        {
          "Date": "2025-07-02 08:17:04",
          "Link": "https://www.tiktokv.com/share/video/7472126434732084503/"
        },
        {
          "Date": "2025-07-02 08:16:49",
          "Link": "https://www.tiktokv.com/share/video/7376942242696645921/"
        },
        {
          "Date": "2025-07-02 08:16:35",
          "Link": "https://www.tiktokv.com/share/video/7395923364335881480/"
        },
        {
          "Date": "2025-07-02 08:16:19",
          "Link": "https://www.tiktokv.com/share/video/7305604527502232862/"
        },
        {
          "Date": "2025-07-02 08:16:09",
          "Link": "https://www.tiktokv.com/share/video/7392633907155389728/"
        },
        {
          "Date": "2025-07-02 08:15:43",
          "Link": "https://www.tiktokv.com/share/video/7487284842980248854/"
        },
        {
          "Date": "2025-07-02 08:15:28",
          "Link": "https://www.tiktokv.com/share/video/7513688399492975918/"
        },
        {
          "Date": "2025-07-02 08:15:20",
          "Link": "https://www.tiktokv.com/share/video/7302068588939054369/"
        },
        {
          "Date": "2025-07-02 08:13:29",
          "Link": "https://www.tiktokv.com/share/video/7462417372410826017/"
        },
        {
          "Date": "2025-07-02 08:12:49",
          "Link": "https://www.tiktokv.com/share/video/7485952966713806135/"
        },
        {
          "Date": "2025-07-02 08:11:18",
          "Link": "https://www.tiktokv.com/share/video/7518374425146838302/"
        },
        {
          "Date": "2025-07-02 08:09:17",
          "Link": "https://www.tiktokv.com/share/video/7520583436906532103/"
        },
        {
          "Date": "2025-07-02 08:07:55",
          "Link": "https://www.tiktokv.com/share/video/7284974585890524458/"
        },
        {
          "Date": "2025-07-02 08:07:42",
          "Link": "https://www.tiktokv.com/share/video/7306798430888725793/"
        },
        {
          "Date": "2025-07-02 08:07:10",
          "Link": "https://www.tiktokv.com/share/video/7289714042271239456/"
        },
        {
          "Date": "2025-07-02 08:06:49",
          "Link": "https://www.tiktokv.com/share/video/7404510682047171870/"
        },
        {
          "Date": "2025-07-02 08:06:30",
          "Link": "https://www.tiktokv.com/share/video/7476798487238020374/"
        },
        {
          "Date": "2025-07-02 08:06:00",
          "Link": "https://www.tiktokv.com/share/video/7401075564293000480/"
        },
        {
          "Date": "2025-07-02 08:03:24",
          "Link": "https://www.tiktokv.com/share/video/7516825477705698591/"
        },
        {
          "Date": "2025-07-02 08:02:43",
          "Link": "https://www.tiktokv.com/share/video/7225235342884932890/"
        },
        {
          "Date": "2025-07-02 08:01:49",
          "Link": "https://www.tiktokv.com/share/video/7398819487660739873/"
        },
        {
          "Date": "2025-07-02 08:00:58",
          "Link": "https://www.tiktokv.com/share/video/7517003251695373601/"
        },
        {
          "Date": "2025-07-02 08:00:27",
          "Link": "https://www.tiktokv.com/share/video/7485402104530619670/"
        },
        {
          "Date": "2025-07-02 08:00:03",
          "Link": "https://www.tiktokv.com/share/video/7477953798707760406/"
        },
        {
          "Date": "2025-07-02 07:59:17",
          "Link": "https://www.tiktokv.com/share/video/7309200042139684129/"
        },
        {
          "Date": "2025-07-02 07:54:52",
          "Link": "https://www.tiktokv.com/share/video/7511722357669530902/"
        },
        {
          "Date": "2025-07-02 07:50:36",
          "Link": "https://www.tiktokv.com/share/video/7297815148641733931/"
        },
        {
          "Date": "2025-07-02 07:47:11",
          "Link": "https://www.tiktokv.com/share/video/7154008823261416710/"
        }
      ]
    },
    "Follower": {
      "App": 1,
      "IsFastLane": false,
      "FansList": null
    },
    "Following": {
      "App": 1,
      "IsFastLane": false,
      "Following": null
    },
    "Hashtag": {
      "HashtagList": null
    },
    "Like List": {
      "App": 1,
      "ItemFavoriteList": [
        {
          "date": "2025-07-02 10:50:45",
          "link": "https://www.tiktokv.com/share/video/7519003709280472338/"
        },
        {
          "date": "2025-07-02 10:48:54",
          "link": "https://www.tiktokv.com/share/video/7517939245776964896/"
        },
        {
          "date": "2025-07-02 10:47:19",
          "link": "https://www.tiktokv.com/share/video/7520647675889356054/"
        },
        {
          "date": "2025-07-02 10:46:56",
          "link": "https://www.tiktokv.com/share/video/7520852068635053367/"
        },
        {
          "date": "2025-07-02 10:45:19",
          "link": "https://www.tiktokv.com/share/video/7519817740924898582/"
        },
        {
          "date": "2025-07-02 10:43:33",
          "link": "https://www.tiktokv.com/share/video/7518354969288822029/"
        },
        {
          "date": "2025-07-02 10:40:58",
          "link": "https://www.tiktokv.com/share/video/7513223612996898104/"
        },
        {
          "date": "2025-07-02 10:31:51",
          "link": "https://www.tiktokv.com/share/video/7520650462077406519/"
        },
        {
          "date": "2025-07-02 10:30:42",
          "link": "https://www.tiktokv.com/share/video/7518036725394902294/"
        },
        {
          "date": "2025-07-02 10:25:53",
          "link": "https://www.tiktokv.com/share/video/7517520250867354910/"
        },
        {
          "date": "2025-07-02 10:18:16",
          "link": "https://www.tiktokv.com/share/video/7518848392320027926/"
        },
        {
          "date": "2025-07-02 10:16:04",
          "link": "https://www.tiktokv.com/share/video/7499293698128104746/"
        },
        {
          "date": "2025-07-02 10:13:09",
          "link": "https://www.tiktokv.com/share/video/7519091749256432918/"
        },
        {
          "date": "2025-07-02 10:08:30",
          "link": "https://www.tiktokv.com/share/video/7511534456990158110/"
        },
        {
          "date": "2025-07-02 10:07:32",
          "link": "https://www.tiktokv.com/share/video/7505648695170370838/"
        },
        {
          "date": "2025-07-02 08:53:14",
          "link": "https://www.tiktokv.com/share/video/7434084827265010977/"
        },
        {
          "date": "2025-07-02 08:53:05",
          "link": "https://www.tiktokv.com/share/video/7423791952472198418/"
        },
        {
          "date": "2025-07-02 08:52:49",
          "link": "https://www.tiktokv.com/share/video/7389637556540869895/"
        },
        {
          "date": "2025-07-02 08:52:28",
          "link": "https://www.tiktokv.com/share/video/7521177852063010104/"
        },
        {
          "date": "2025-07-02 08:51:39",
          "link": "https://www.tiktokv.com/share/video/7487250260759219478/"
        },
        {
          "date": "2025-07-02 08:51:15",
          "link": "https://www.tiktokv.com/share/video/7143221340336606470/"
        },
        {
          "date": "2025-07-02 08:51:01",
          "link": "https://www.tiktokv.com/share/video/7459517639426100511/"
        },
        {
          "date": "2025-07-02 08:50:31",
          "link": "https://www.tiktokv.com/share/video/7225747552199511297/"
        },
        {
          "date": "2025-07-02 08:49:26",
          "link": "https://www.tiktokv.com/share/video/7515402567740919073/"
        },
        {
          "date": "2025-07-02 08:48:56",
          "link": "https://www.tiktokv.com/share/video/7187926843599719685/"
        },
        {
          "date": "2025-07-02 08:48:20",
          "link": "https://www.tiktokv.com/share/video/7268352763879378178/"
        },
        {
          "date": "2025-07-02 08:46:43",
          "link": "https://www.tiktokv.com/share/video/7462733468737293601/"
        },
        {
          "date": "2025-07-02 08:45:44",
          "link": "https://www.tiktokv.com/share/video/7520067589343595806/"
        },
        {
          "date": "2025-07-02 08:45:23",
          "link": "https://www.tiktokv.com/share/video/7453901742552501546/"
        },
        {
          "date": "2025-07-02 08:35:54",
          "link": "https://www.tiktokv.com/share/video/7504384741391535382/"
        },
        {
          "date": "2025-07-02 08:35:30",
          "link": "https://www.tiktokv.com/share/video/7468650834545478917/"
        },
        {
          "date": "2025-07-02 08:32:27",
          "link": "https://www.tiktokv.com/share/video/7508830630164040982/"
        },
        {
          "date": "2025-07-02 08:32:07",
          "link": "https://www.tiktokv.com/share/video/7505823237339729174/"
        },
        {
          "date": "2025-07-02 08:31:24",
          "link": "https://www.tiktokv.com/share/video/7489294876048215314/"
        },
        {
          "date": "2025-07-02 08:30:20",
          "link": "https://www.tiktokv.com/share/video/7489039746380057902/"
        },
        {
          "date": "2025-07-02 08:29:04",
          "link": "https://www.tiktokv.com/share/video/7494228871039126807/"
        },
        {
          "date": "2025-07-02 08:27:20",
          "link": "https://www.tiktokv.com/share/video/7378515398527946026/"
        },
        {
          "date": "2025-07-02 08:26:54",
          "link": "https://www.tiktokv.com/share/video/7401905768607452446/"
        },
        {
          "date": "2025-07-02 08:26:25",
          "link": "https://www.tiktokv.com/share/video/7437609137019735342/"
        },
        {
          "date": "2025-07-02 08:26:04",
          "link": "https://www.tiktokv.com/share/video/7520367301628005654/"
        },
        {
          "date": "2025-07-02 08:25:32",
          "link": "https://www.tiktokv.com/share/video/7510708700768652575/"
        },
        {
          "date": "2025-07-02 08:25:13",
          "link": "https://www.tiktokv.com/share/video/7366384444137147690/"
        },
        {
          "date": "2025-07-02 08:25:02",
          "link": "https://www.tiktokv.com/share/video/7470264193292258603/"
        },
        {
          "date": "2025-07-02 08:24:44",
          "link": "https://www.tiktokv.com/share/video/7473596803661827358/"
        },
        {
          "date": "2025-07-02 08:23:57",
          "link": "https://www.tiktokv.com/share/video/7336185701450403103/"
        },
        {
          "date": "2025-07-02 08:23:21",
          "link": "https://www.tiktokv.com/share/video/7516656333169511685/"
        },
        {
          "date": "2025-07-02 08:17:43",
          "link": "https://www.tiktokv.com/share/video/7512884665477270806/"
        },
        {
          "date": "2025-07-02 08:17:22",
          "link": "https://www.tiktokv.com/share/video/7276719165396815137/"
        },
        {
          "date": "2025-07-02 08:17:03",
          "link": "https://www.tiktokv.com/share/video/7472126434732084503/"
        },
        {
          "date": "2025-07-02 08:16:49",
          "link": "https://www.tiktokv.com/share/video/7376942242696645921/"
        },
        {
          "date": "2025-07-02 08:16:34",
          "link": "https://www.tiktokv.com/share/video/7395923364335881480/"
        },
        {
          "date": "2025-07-02 08:16:18",
          "link": "https://www.tiktokv.com/share/video/7305604527502232862/"
        },
        {
          "date": "2025-07-02 08:16:08",
          "link": "https://www.tiktokv.com/share/video/7392633907155389728/"
        },
        {
          "date": "2025-07-02 08:15:42",
          "link": "https://www.tiktokv.com/share/video/7487284842980248854/"
        },
        {
          "date": "2025-07-02 08:15:27",
          "link": "https://www.tiktokv.com/share/video/7513688399492975918/"
        },
        {
          "date": "2025-07-02 08:15:18",
          "link": "https://www.tiktokv.com/share/video/7302068588939054369/"
        },
        {
          "date": "2025-07-02 08:13:28",
          "link": "https://www.tiktokv.com/share/video/7462417372410826017/"
        },
        {
          "date": "2025-07-02 08:12:48",
          "link": "https://www.tiktokv.com/share/video/7485952966713806135/"
        },
        {
          "date": "2025-07-02 08:11:17",
          "link": "https://www.tiktokv.com/share/video/7518374425146838302/"
        },
        {
          "date": "2025-07-02 08:09:16",
          "link": "https://www.tiktokv.com/share/video/7520583436906532103/"
        },
        {
          "date": "2025-07-02 08:07:54",
          "link": "https://www.tiktokv.com/share/video/7284974585890524458/"
        },
        {
          "date": "2025-07-02 08:07:41",
          "link": "https://www.tiktokv.com/share/video/7306798430888725793/"
        },
        {
          "date": "2025-07-02 08:07:09",
          "link": "https://www.tiktokv.com/share/video/7289714042271239456/"
        },
        {
          "date": "2025-07-02 08:06:48",
          "link": "https://www.tiktokv.com/share/video/7404510682047171870/"
        },
        {
          "date": "2025-07-02 08:06:29",
          "link": "https://www.tiktokv.com/share/video/7476798487238020374/"
        },
        {
          "date": "2025-07-02 08:05:59",
          "link": "https://www.tiktokv.com/share/video/7401075564293000480/"
        },
        {
          "date": "2025-07-02 08:03:22",
          "link": "https://www.tiktokv.com/share/video/7516825477705698591/"
        },
        {
          "date": "2025-07-02 08:02:42",
          "link": "https://www.tiktokv.com/share/video/7225235342884932890/"
        },
        {
          "date": "2025-07-02 08:01:47",
          "link": "https://www.tiktokv.com/share/video/7398819487660739873/"
        },
        {
          "date": "2025-07-02 08:00:54",
          "link": "https://www.tiktokv.com/share/video/7517003251695373601/"
        },
        {
          "date": "2025-07-02 08:00:25",
          "link": "https://www.tiktokv.com/share/video/7485402104530619670/"
        },
        {
          "date": "2025-07-02 08:00:02",
          "link": "https://www.tiktokv.com/share/video/7477953798707760406/"
        },
        {
          "date": "2025-07-02 07:59:15",
          "link": "https://www.tiktokv.com/share/video/7309200042139684129/"
        },
        {
          "date": "2025-07-02 07:57:01",
          "link": "https://www.tiktokv.com/share/video/7297815148641733931/"
        },
        {
          "date": "2025-07-02 07:54:50",
          "link": "https://www.tiktokv.com/share/video/7511722357669530902/"
        },
        {
          "date": "2025-07-02 07:47:09",
          "link": "https://www.tiktokv.com/share/video/7154008823261416710/"
        }
      ]
    },
    "Login History": {
      "LoginHistoryList": null
    },
    "Most Recent Location Data": {
      "LocationData": {
        "Date": "N/A",
        "GpsData": "N/A",
        "LastRegion": "N/A"
      }
    },
    "Purchases": {
      "SendGifts": {
        "SendGifts": null
      },
      "BuyGifts": {
        "BuyGifts": null
      }
    },
    "Searches": {
      "SearchList": null
    },
    "Share History": {
      "ShareHistoryList": null
    },
    "Status": {
      "Status List": [
        {
          "Resolution": "783x490",
          "App Version": "",
          "IDFA": "",
          "GAID": "",
          "Android ID": "",
          "IDFV": "",
          "Web ID": ""
        }
      ]
    },
    "Watch History": {
      "VideoList": [
        {
          "Date": "2025-07-01 13:54:11",
          "Link": "https://www.tiktokv.com/share/video/7503101907888590088/"
        },
        {
          "Date": "2025-07-01 21:13:21",
          "Link": "https://www.tiktokv.com/share/video/7519474531304525088/"
        },
        {
          "Date": "2025-07-01 21:15:54",
          "Link": "https://www.tiktokv.com/share/video/7520982136715791638/"
        }
      ]
    }
  }
}

