{
  "Ads and data": {
    "Ad Interests": {
      "AdInterestCategories": ""
    },
    "Instant Form Ads Responses": {
      "ResponsesList": null
    },
    "Off TikTok Activity": {
      "OffTikTokActivityDataList": null
    }
  },
  "App Settings": {
    "Block List": {
      "App": 1,
      "BlockList": null
    },
    "Settings": {
      "App": 1,
      "SettingsMap": {
        "Allow DownLoad": "Everyone",
        "Allow Others to Find Me": "Disabled",
        "App Language": "English",
        "Content Preferences": {
          "Keyword filters for videos in Following feed": [],
          "Keyword filters for videos in For You feed": [],
          "Video Languages Preferences": []
        },
        "Family Content Preferences": {},
        "Filter Comments": "Enabled",
        "Interests": "",
        "Private Account": "Disabled",
        "Push Notification": {
          "Desktop notification": "Default",
          "New Comments on My Video": "Default",
          "New Fans": "Default",
          "New Likes on My Video": "Default"
        },
        "Suggest your account to Facebook friends": "enabled",
        "Suggest your account to contacts": "enabled",
        "Suggest your account to people who open or send links to you": "enabled",
        "Web Language": "N/A",
        "Who Can Duet With Me": "Everyone",
        "Who Can Post Comments": "Everyone",
        "Who Can Send Me Message": "Friends",
        "Who Can Stitch with your videos": "Everyone",
        "Who Can View Videos I Liked": "Myself"
      }
    }
  },
  "Comment": {
    "Comments": {
      "App": 1,
      "CommentsList": null
    }
  },
  "Direct Message": {
    "Direct Messages": {
      "ChatHistory": {}
    }
  },
  "Income Plus Wallet Transactions": {
    "Transaction History": {
      "TransactionsList": null
    }
  },
  "Location Review": {
    "Location Reviews": {
      "ReviewsList": null
    }
  },
  "Post": {
    "Posts": {
      "VideoList": null
    },
    "Recently Deleted Posts": {
      "PostList": []
    }
  },
  "Profile": {
    "AI-Moji": {
      "CreateDate": "",
      "AIMojiList": null
    },
    "Autofill": {
      "PhoneNumber": "N/A",
      "Email": "N/A",
      "FirstName": "N/A",
      "LastName": "N/A",
      "Address": "N/A",
      "ZipCode": "N/A",
      "Unit": "N/A",
      "City": "N/A",
      "State": "N/A",
      "Country": "N/A"
    },
    "Profile Info": {
      "App": 1,
      "ProfileMap": {
        "PlatformInfo": [],
        "bioDescription": "Living my best dam life in Amsterdam. Student at UvA. Diabetes free since 2003.",
        "birthDate": "01-Jan-2003",
        "emailAddress": "janbakker747@gmail.com",
        "inferredGender": "None",
        "likesReceived": "None",
        "profilePhoto": "https://p16-sign-useast2a.tiktokcdn.com/tos-useast2a-avt-0068-euttp/0c341813b8b728a850d912f81704b8cb~tplv-tiktokx-cropcenter:1080:1080.webp?dr=10399&refresh_token=94e873b2&x-expires=1751698800&x-signature=SUid5DGqUkv7BxySYYVtp5CYUyk%3D&t=4d5b0474&ps=13740610&shp=a5d48078&shcp=7996dd0b&idc=useast2a",
        "profileVideo": "None",
        "telephoneNumber": "None",
        "userName": "bakkerdemakker"
      }
    }
  },
  "TikTok Shop": {
    "Communication With Shops": {
      "CommunicationHistories": null
    },
    "Current Payment Information": {
      "PayCard": null
    },
    "Customer Support History": {
      "CustomerSupportHistories": null
    },
    "Order Dispute History": {
      "OrderDisputeHistories": null
    },
    "Order History": {
      "OrderHistories": null
    },
    "Product Browsing History": {
      "ProductBrowsingHistories": null
    },
    "Product Reviews": {
      "ProductReviewHistories": null
    },
    "Returns and Refunds History": {
      "ReturnAndRefundHistories": null
    },
    "Saved Address Information": {
      "SavedAddress": null
    },
    "Shopping Cart List": {
      "ShoppingCart": null
    },
    "Vouchers": {
      "Vouchers": null
    }
  },
  "Tiktok Live": {
    "Go Live History": {
      "GoLiveList": null
    },
    "Go Live Settings": {
      "SettingsMap": {
        "Allow agencies to find and invite you": "N/A",
        "Allow others to invite you to co-host in LIVE": "On",
        "Allow people to send and receive comments during your LIVE": "N/A",
        "Allow suggested LIVE hosts to invite you to co-host in LIVE": "On",
        "Allow viewers to request to go LIVE with you": "N/A",
        "Allow viewers to see and send questions and answers in your LIVE": "N/A",
        "Allow viewers to send you gifts during your LIVE": "N/A",
        "Hide comments that contain the following keywords from your LIVE": [],
        "Hide potential spam or offensive comments from your LIVE": "N/A",
        "People you assigned to moderate your LIVE": [],
        "Show your username and gift information in features with ranking lists": "Off"
      }
    },
    "Watch Live History": {
      "WatchLiveMap": {}
    },
    "Watch Live Settings": {
      "WatchLiveSettingsMap": {
        "app": "N/A",
        "web": "N/A"
      },
      "MostRecentModificationTimeInApp": "0",
      "MostRecentModificationTimeInWeb": "0"
    }
  },
  "Your Activity": {
    "Activity Summary": {
      "ActivitySummaryMap": {
        "note": "data may have delays of up to several days",
        "videosCommentedOnSinceAccountRegistration": 0,
        "videosSharedSinceAccountRegistration": 0,
        "videosWatchedToTheEndSinceAccountRegistration": 0
      }
    },
    "Favorite Effects": {
      "FavoriteEffectsList": null
    },
    "Favorite Hashtags": {
      "FavoriteHashtagList": null
    },
    "Favorite Sounds": {
      "FavoriteSoundList": null
    },
    "Favorite Videos": {
      "App": 1,
      "FavoriteVideoList": [
        {
          "Date": "2025-07-02 10:47:21",
          "Link": "https://www.tiktokv.com/share/video/7505648695170370838/"
        },
        {
          "Date": "2025-07-02 10:45:51",
          "Link": "https://www.tiktokv.com/share/video/7520558111875157270/"
        },
        {
          "Date": "2025-07-02 10:44:25",
          "Link": "https://www.tiktokv.com/share/video/7519617928648559903/"
        },
        {
          "Date": "2025-07-02 10:43:41",
          "Link": "https://www.tiktokv.com/share/video/7513223612996898104/"
        },
        {
          "Date": "2025-07-02 10:43:14",
          "Link": "https://www.tiktokv.com/share/video/7514018647178808598/"
        },
        {
          "Date": "2025-07-02 10:40:38",
          "Link": "https://www.tiktokv.com/share/video/7512394080870042912/"
        },
        {
          "Date": "2025-07-02 10:37:03",
          "Link": "https://www.tiktokv.com/share/video/7519896196987637014/"
        },
        {
          "Date": "2025-07-02 10:32:17",
          "Link": "https://www.tiktokv.com/share/video/7505450814924705056/"
        },
        {
          "Date": "2025-07-02 10:30:19",
          "Link": "https://www.tiktokv.com/share/video/7510253805779438870/"
        },
        {
          "Date": "2025-07-02 10:27:15",
          "Link": "https://www.tiktokv.com/share/video/7519346976580734263/"
        },
        {
          "Date": "2025-07-02 10:27:00",
          "Link": "https://www.tiktokv.com/share/video/7501981714890231062/"
        },
        {
          "Date": "2025-07-02 10:17:11",
          "Link": "https://www.tiktokv.com/share/video/7518951225140727054/"
        },
        {
          "Date": "2025-07-02 10:16:44",
          "Link": "https://www.tiktokv.com/share/video/7520959031696018702/"
        },
        {
          "Date": "2025-07-02 10:15:32",
          "Link": "https://www.tiktokv.com/share/video/7512486166709554454/"
        },
        {
          "Date": "2025-07-02 10:14:56",
          "Link": "https://www.tiktokv.com/share/video/7522100227151645985/"
        },
        {
          "Date": "2025-07-02 10:13:32",
          "Link": "https://www.tiktokv.com/share/video/7511665261716573462/"
        },
        {
          "Date": "2025-07-02 10:12:07",
          "Link": "https://www.tiktokv.com/share/video/7521004357563780384/"
        },
        {
          "Date": "2025-07-02 10:10:53",
          "Link": "https://www.tiktokv.com/share/video/7506550933485063446/"
        },
        {
          "Date": "2025-07-02 10:08:03",
          "Link": "https://www.tiktokv.com/share/video/7522166796028218657/"
        },
        {
          "Date": "2025-07-02 09:01:22",
          "Link": "https://www.tiktokv.com/share/video/7508310437977558295/"
        },
        {
          "Date": "2025-07-02 09:00:58",
          "Link": "https://www.tiktokv.com/share/video/7464712852234980630/"
        },
        {
          "Date": "2025-07-02 09:00:33",
          "Link": "https://www.tiktokv.com/share/video/7395923364335881480/"
        },
        {
          "Date": "2025-07-02 09:00:22",
          "Link": "https://www.tiktokv.com/share/video/7305604527502232862/"
        },
        {
          "Date": "2025-07-02 08:59:51",
          "Link": "https://www.tiktokv.com/share/video/7472126434732084503/"
        },
        {
          "Date": "2025-07-02 08:59:38",
          "Link": "https://www.tiktokv.com/share/video/7513688399492975918/"
        },
        {
          "Date": "2025-07-02 08:59:15",
          "Link": "https://www.tiktokv.com/share/video/7506859423596416278/"
        },
        {
          "Date": "2025-07-02 08:58:57",
          "Link": "https://www.tiktokv.com/share/video/7487284842980248854/"
        },
        {
          "Date": "2025-07-02 08:58:23",
          "Link": "https://www.tiktokv.com/share/video/7164067945277213957/"
        },
        {
          "Date": "2025-07-02 08:58:09",
          "Link": "https://www.tiktokv.com/share/video/7302068588939054369/"
        },
        {
          "Date": "2025-07-02 08:55:44",
          "Link": "https://www.tiktokv.com/share/video/7187792877257346350/"
        },
        {
          "Date": "2025-07-02 08:55:05",
          "Link": "https://www.tiktokv.com/share/video/7164955249977920774/"
        },
        {
          "Date": "2025-07-02 08:53:52",
          "Link": "https://www.tiktokv.com/share/video/7443396965225762091/"
        },
        {
          "Date": "2025-07-02 08:53:33",
          "Link": "https://www.tiktokv.com/share/video/7296937818645892384/"
        },
        {
          "Date": "2025-07-02 08:53:00",
          "Link": "https://www.tiktokv.com/share/video/7481148828142374187/"
        },
        {
          "Date": "2025-07-02 08:52:49",
          "Link": "https://www.tiktokv.com/share/video/7372143687826001185/"
        },
        {
          "Date": "2025-07-02 08:52:27",
          "Link": "https://www.tiktokv.com/share/video/7496992167907298582/"
        },
        {
          "Date": "2025-07-02 08:51:04",
          "Link": "https://www.tiktokv.com/share/video/7485952966713806135/"
        },
        {
          "Date": "2025-07-02 08:50:44",
          "Link": "https://www.tiktokv.com/share/video/7090679236448619818/"
        },
        {
          "Date": "2025-07-02 08:50:22",
          "Link": "https://www.tiktokv.com/share/video/7432295871464623392/"
        },
        {
          "Date": "2025-07-02 08:49:37",
          "Link": "https://www.tiktokv.com/share/video/7164437339853311237/"
        },
        {
          "Date": "2025-07-02 08:35:49",
          "Link": "https://www.tiktokv.com/share/video/7389626834356358432/"
        },
        {
          "Date": "2025-07-02 08:35:21",
          "Link": "https://www.tiktokv.com/share/video/7499491399683837206/"
        },
        {
          "Date": "2025-07-02 08:34:49",
          "Link": "https://www.tiktokv.com/share/video/7464652455419366702/"
        },
        {
          "Date": "2025-07-02 08:34:14",
          "Link": "https://www.tiktokv.com/share/video/7501665196977425686/"
        },
        {
          "Date": "2025-07-02 08:33:59",
          "Link": "https://www.tiktokv.com/share/video/7309200042139684129/"
        },
        {
          "Date": "2025-07-02 08:33:42",
          "Link": "https://www.tiktokv.com/share/video/7384862373137501472/"
        },
        {
          "Date": "2025-07-02 08:32:48",
          "Link": "https://www.tiktokv.com/share/video/7477953798707760406/"
        },
        {
          "Date": "2025-07-02 08:32:04",
          "Link": "https://www.tiktokv.com/share/video/7466171387036667158/"
        },
        {
          "Date": "2025-07-02 08:31:36",
          "Link": "https://www.tiktokv.com/share/video/7485402104530619670/"
        },
        {
          "Date": "2025-07-02 08:31:18",
          "Link": "https://www.tiktokv.com/share/video/7508735282540317974/"
        },
        {
          "Date": "2025-07-02 08:25:02",
          "Link": "https://www.tiktokv.com/share/video/7515402567740919073/"
        },
        {
          "Date": "2025-07-02 08:23:13",
          "Link": "https://www.tiktokv.com/share/video/7361755856335080736/"
        },
        {
          "Date": "2025-07-02 08:22:39",
          "Link": "https://www.tiktokv.com/share/video/7487250260759219478/"
        },
        {
          "Date": "2025-07-02 08:22:04",
          "Link": "https://www.tiktokv.com/share/video/7325505162229861665/"
        },
        {
          "Date": "2025-07-02 08:21:54",
          "Link": "https://www.tiktokv.com/share/video/7143221340336606470/"
        },
        {
          "Date": "2025-07-02 08:21:34",
          "Link": "https://www.tiktokv.com/share/video/7268352763879378178/"
        },
        {
          "Date": "2025-07-02 08:20:32",
          "Link": "https://www.tiktokv.com/share/video/7399388948285476128/"
        },
        {
          "Date": "2025-07-02 08:19:41",
          "Link": "https://www.tiktokv.com/share/video/7277717182857923882/"
        },
        {
          "Date": "2025-07-02 08:18:45",
          "Link": "https://www.tiktokv.com/share/video/7187926843599719685/"
        },
        {
          "Date": "2025-07-02 08:17:22",
          "Link": "https://www.tiktokv.com/share/video/7249350425437113642/"
        },
        {
          "Date": "2025-07-02 08:12:16",
          "Link": "https://www.tiktokv.com/share/video/7468650834545478917/"
        },
        {
          "Date": "2025-07-02 08:11:02",
          "Link": "https://www.tiktokv.com/share/video/7468100146291674400/"
        },
        {
          "Date": "2025-07-02 08:07:57",
          "Link": "https://www.tiktokv.com/share/video/7510847007167171871/"
        },
        {
          "Date": "2025-07-02 08:06:48",
          "Link": "https://www.tiktokv.com/share/video/7489294876048215314/"
        },
        {
          "Date": "2025-07-02 08:06:20",
          "Link": "https://www.tiktokv.com/share/video/7505823237339729174/"
        },
        {
          "Date": "2025-07-02 08:05:03",
          "Link": "https://www.tiktokv.com/share/video/7494228871039126807/"
        },
        {
          "Date": "2025-07-02 08:04:03",
          "Link": "https://www.tiktokv.com/share/video/7505071763940723990/"
        },
        {
          "Date": "2025-07-02 08:03:40",
          "Link": "https://www.tiktokv.com/share/video/7341378131950963999/"
        },
        {
          "Date": "2025-07-02 08:02:50",
          "Link": "https://www.tiktokv.com/share/video/7510708700768652575/"
        },
        {
          "Date": "2025-07-02 08:02:33",
          "Link": "https://www.tiktokv.com/share/video/7371491353601019178/"
        },
        {
          "Date": "2025-07-02 08:02:04",
          "Link": "https://www.tiktokv.com/share/video/7366384444137147690/"
        },
        {
          "Date": "2025-07-02 08:01:48",
          "Link": "https://www.tiktokv.com/share/video/7374793036569660718/"
        },
        {
          "Date": "2025-07-02 08:01:05",
          "Link": "https://www.tiktokv.com/share/video/7336185701450403103/"
        },
        {
          "Date": "2025-07-02 08:00:49",
          "Link": "https://www.tiktokv.com/share/video/7519590555987365176/"
        },
        {
          "Date": "2025-07-02 08:00:36",
          "Link": "https://www.tiktokv.com/share/video/7473596803661827358/"
        }
      ]
    },
    "Follower": {
      "App": 1,
      "IsFastLane": false,
      "FansList": null
    },
    "Following": {
      "App": 1,
      "IsFastLane": false,
      "Following": null
    },
    "Hashtag": {
      "HashtagList": null
    },
    "Like List": {
      "App": 1,
      "ItemFavoriteList": null
    },
    "Login History": {
      "LoginHistoryList": [
        {
          "Date": "2025-07-02 21:39:51",
          "IP": "95.97.12.34",
          "DeviceModel": "SM-A146P",
          "DeviceSystem": "Android 14",
          "NetworkType": "Wi-Fi",
          "Carrier": ""
        },
        {
          "Date": "2025-07-01 13:49:25",
          "IP": "195.169.75.102",
          "DeviceModel": "",
          "DeviceSystem": "linux  linux ",
          "NetworkType": "unknown",
          "Carrier": ""
        }
      ]
    },
    "Most Recent Location Data": {
      "LocationData": {
        "Date": "N/A",
        "GpsData": "N/A",
        "LastRegion": "N/A"
      }
    },
    "Purchases": {
      "SendGifts": {
        "SendGifts": null
      },
      "BuyGifts": {
        "BuyGifts": null
      }
    },
    "Searches": {
      "SearchList": [
        {
          "Date": "2025-07-02 07:53:31",
          "SearchTerm": "what to wear"
        },
        {
          "Date": "2025-07-02 07:53:37",
          "SearchTerm": "what to wear"
        },
        {
          "Date": "2025-07-02 08:04:40",
          "SearchTerm": "best games 2025"
        },
        {
          "Date": "2025-07-02 08:16:38",
          "SearchTerm": "best country in asia travel"
        },
        {
          "Date": "2025-07-02 08:25:51",
          "SearchTerm": "best country in asia travel"
        },
        {
          "Date": "2025-07-02 08:27:07",
          "SearchTerm": "what to wear"
        },
        {
          "Date": "2025-07-02 08:27:24",
          "SearchTerm": "best games 2025"
        },
        {
          "Date": "2025-07-02 08:28:38",
          "SearchTerm": "what to wear"
        },
        {
          "Date": "2025-07-02 08:28:42",
          "SearchTerm": "what to wear"
        },
        {
          "Date": "2025-07-02 08:30:56",
          "SearchTerm": "#fashion"
        },
        {
          "Date": "2025-07-02 08:36:38",
          "SearchTerm": "#gaming"
        },
        {
          "Date": "2025-07-02 08:39:34",
          "SearchTerm": "#gaming"
        },
        {
          "Date": "2025-07-02 08:46:09",
          "SearchTerm": "#fashion"
        },
        {
          "Date": "2025-07-02 08:46:24",
          "SearchTerm": "#fashion"
        },
        {
          "Date": "2025-07-02 08:48:02",
          "SearchTerm": "#gaming"
        },
        {
          "Date": "2025-07-02 08:49:18",
          "SearchTerm": "#gaming"
        },
        {
          "Date": "2025-07-02 08:56:09",
          "SearchTerm": "#traveltok"
        },
        {
          "Date": "2025-07-02 08:56:13",
          "SearchTerm": "#traveltok"
        }
      ]
    },
    "Share History": {
      "ShareHistoryList": null
    },
    "Status": {
      "Status List": [
        {
          "Resolution": "2208x1080",
          "App Version": "40.6.3",
          "IDFA": "",
          "GAID": "84449a2c-b3ff-404d-83f3-b5e0dbb84811",
          "Android ID": "935af39ca68312bb",
          "IDFV": "",
          "Web ID": ""
        },
        {
          "Resolution": "1920x1080",
          "App Version": "",
          "IDFA": "",
          "GAID": "",
          "Android ID": "",
          "IDFV": "",
          "Web ID": ""
        },
        {
          "Resolution": "1920x1080",
          "App Version": "",
          "IDFA": "",
          "GAID": "",
          "Android ID": "",
          "IDFV": "",
          "Web ID": ""
        }
      ]
    },
    "Watch History": {
      "VideoList": [
        {
          "Date": "2025-07-01 13:34:21",
          "Link": "https://www.tiktokv.com/share/video/7520739859078728982/"
        },
        {
          "Date": "2025-07-02 07:52:31",
          "Link": "https://www.tiktokv.com/share/video/7508285147163381038/"
        },
        {
          "Date": "2025-07-02 07:58:52",
          "Link": "https://www.tiktokv.com/share/video/7519590555987365176/"
        },
        {
          "Date": "2025-07-02 07:59:33",
          "Link": "https://www.tiktokv.com/share/video/7473596803661827358/"
        },
        {
          "Date": "2025-07-02 08:00:45",
          "Link": "https://www.tiktokv.com/share/video/7519590555987365176/"
        },
        {
          "Date": "2025-07-02 08:00:51",
          "Link": "https://www.tiktokv.com/share/video/7473596803661827358/"
        },
        {
          "Date": "2025-07-02 08:00:55",
          "Link": "https://www.tiktokv.com/share/video/7336185701450403103/"
        },
        {
          "Date": "2025-07-02 08:01:19",
          "Link": "https://www.tiktokv.com/share/video/7374793036569660718/"
        },
        {
          "Date": "2025-07-02 08:01:51",
          "Link": "https://www.tiktokv.com/share/video/7366384444137147690/"
        },
        {
          "Date": "2025-07-02 08:02:09",
          "Link": "https://www.tiktokv.com/share/video/7371491353601019178/"
        },
        {
          "Date": "2025-07-02 08:02:47",
          "Link": "https://www.tiktokv.com/share/video/7510708700768652575/"
        },
        {
          "Date": "2025-07-02 08:03:10",
          "Link": "https://www.tiktokv.com/share/video/7341378131950963999/"
        },
        {
          "Date": "2025-07-02 08:03:45",
          "Link": "https://www.tiktokv.com/share/video/7505071763940723990/"
        },
        {
          "Date": "2025-07-02 08:04:48",
          "Link": "https://www.tiktokv.com/share/video/7494228871039126807/"
        },
        {
          "Date": "2025-07-02 08:06:12",
          "Link": "https://www.tiktokv.com/share/video/7505823237339729174/"
        },
        {
          "Date": "2025-07-02 08:06:37",
          "Link": "https://www.tiktokv.com/share/video/7489294876048215314/"
        },
        {
          "Date": "2025-07-02 08:07:52",
          "Link": "https://www.tiktokv.com/share/video/7510847007167171871/"
        },
        {
          "Date": "2025-07-02 08:10:56",
          "Link": "https://www.tiktokv.com/share/video/7468100146291674400/"
        },
        {
          "Date": "2025-07-02 08:12:00",
          "Link": "https://www.tiktokv.com/share/video/7468650834545478917/"
        },
        {
          "Date": "2025-07-02 08:12:24",
          "Link": "https://www.tiktokv.com/share/video/7455821271687859499/"
        },
        {
          "Date": "2025-07-02 08:15:02",
          "Link": "https://www.tiktokv.com/share/video/7494228871039126807/"
        },
        {
          "Date": "2025-07-02 08:15:15",
          "Link": "https://www.tiktokv.com/share/video/7505823237339729174/"
        },
        {
          "Date": "2025-07-02 08:15:20",
          "Link": "https://www.tiktokv.com/share/video/7489294876048215314/"
        },
        {
          "Date": "2025-07-02 08:15:26",
          "Link": "https://www.tiktokv.com/share/video/7510847007167171871/"
        },
        {
          "Date": "2025-07-02 08:15:31",
          "Link": "https://www.tiktokv.com/share/video/7468100146291674400/"
        },
        {
          "Date": "2025-07-02 08:15:38",
          "Link": "https://www.tiktokv.com/share/video/7468650834545478917/"
        },
        {
          "Date": "2025-07-02 08:15:43",
          "Link": "https://www.tiktokv.com/share/video/7455821271687859499/"
        },
        {
          "Date": "2025-07-02 08:15:47",
          "Link": "https://www.tiktokv.com/share/video/7352153061353229614/"
        },
        {
          "Date": "2025-07-02 08:15:52",
          "Link": "https://www.tiktokv.com/share/video/7508202036576488726/"
        },
        {
          "Date": "2025-07-02 08:16:01",
          "Link": "https://www.tiktokv.com/share/video/7504384741391535382/"
        },
        {
          "Date": "2025-07-02 08:16:09",
          "Link": "https://www.tiktokv.com/share/video/7420503533939658017/"
        },
        {
          "Date": "2025-07-02 08:17:03",
          "Link": "https://www.tiktokv.com/share/video/7249350425437113642/"
        },
        {
          "Date": "2025-07-02 08:18:33",
          "Link": "https://www.tiktokv.com/share/video/7187926843599719685/"
        },
        {
          "Date": "2025-07-02 08:19:04",
          "Link": "https://www.tiktokv.com/share/video/7277717182857923882/"
        },
        {
          "Date": "2025-07-02 08:20:28",
          "Link": "https://www.tiktokv.com/share/video/7399388948285476128/"
        },
        {
          "Date": "2025-07-02 08:20:44",
          "Link": "https://www.tiktokv.com/share/video/7268352763879378178/"
        },
        {
          "Date": "2025-07-02 08:21:48",
          "Link": "https://www.tiktokv.com/share/video/7143221340336606470/"
        },
        {
          "Date": "2025-07-02 08:21:57",
          "Link": "https://www.tiktokv.com/share/video/7325505162229861665/"
        },
        {
          "Date": "2025-07-02 08:22:18",
          "Link": "https://www.tiktokv.com/share/video/7487250260759219478/"
        },
        {
          "Date": "2025-07-02 08:23:00",
          "Link": "https://www.tiktokv.com/share/video/7361755856335080736/"
        },
        {
          "Date": "2025-07-02 08:24:42",
          "Link": "https://www.tiktokv.com/share/video/7515402567740919073/"
        },
        {
          "Date": "2025-07-02 08:25:22",
          "Link": "https://www.tiktokv.com/share/video/7423791952472198418/"
        },
        {
          "Date": "2025-07-02 08:29:05",
          "Link": "https://www.tiktokv.com/share/video/7374793036569660718/"
        },
        {
          "Date": "2025-07-02 08:29:13",
          "Link": "https://www.tiktokv.com/share/video/7205555531694558510/"
        },
        {
          "Date": "2025-07-02 08:29:24",
          "Link": "https://www.tiktokv.com/share/video/7295788167368543520/"
        },
        {
          "Date": "2025-07-02 08:29:28",
          "Link": "https://www.tiktokv.com/share/video/7336185701450403103/"
        },
        {
          "Date": "2025-07-02 08:29:35",
          "Link": "https://www.tiktokv.com/share/video/7510708700768652575/"
        },
        {
          "Date": "2025-07-02 08:29:43",
          "Link": "https://www.tiktokv.com/share/video/7520367301628005654/"
        },
        {
          "Date": "2025-07-02 08:29:51",
          "Link": "https://www.tiktokv.com/share/video/7470264193292258603/"
        },
        {
          "Date": "2025-07-02 08:29:59",
          "Link": "https://www.tiktokv.com/share/video/7366384444137147690/"
        },
        {
          "Date": "2025-07-02 08:30:01",
          "Link": "https://www.tiktokv.com/share/video/7519927572377931030/"
        },
        {
          "Date": "2025-07-02 08:30:08",
          "Link": "https://www.tiktokv.com/share/video/7191303467355360558/"
        },
        {
          "Date": "2025-07-02 08:30:16",
          "Link": "https://www.tiktokv.com/share/video/7490733312739249438/"
        },
        {
          "Date": "2025-07-02 08:31:09",
          "Link": "https://www.tiktokv.com/share/video/7508735282540317974/"
        },
        {
          "Date": "2025-07-02 08:31:27",
          "Link": "https://www.tiktokv.com/share/video/7485402104530619670/"
        },
        {
          "Date": "2025-07-02 08:31:53",
          "Link": "https://www.tiktokv.com/share/video/7466171387036667158/"
        },
        {
          "Date": "2025-07-02 08:32:07",
          "Link": "https://www.tiktokv.com/share/video/7225235342884932890/"
        },
        {
          "Date": "2025-07-02 08:32:23",
          "Link": "https://www.tiktokv.com/share/video/7477953798707760406/"
        },
        {
          "Date": "2025-07-02 08:32:58",
          "Link": "https://www.tiktokv.com/share/video/7384862373137501472/"
        },
        {
          "Date": "2025-07-02 08:33:51",
          "Link": "https://www.tiktokv.com/share/video/7309200042139684129/"
        },
        {
          "Date": "2025-07-02 08:34:11",
          "Link": "https://www.tiktokv.com/share/video/7501665196977425686/"
        },
        {
          "Date": "2025-07-02 08:34:38",
          "Link": "https://www.tiktokv.com/share/video/7464652455419366702/"
        },
        {
          "Date": "2025-07-02 08:35:04",
          "Link": "https://www.tiktokv.com/share/video/7499491399683837206/"
        },
        {
          "Date": "2025-07-02 08:35:13",
          "Link": "https://www.tiktokv.com/share/video/7464652455419366702/"
        },
        {
          "Date": "2025-07-02 08:35:20",
          "Link": "https://www.tiktokv.com/share/video/7499491399683837206/"
        },
        {
          "Date": "2025-07-02 08:35:39",
          "Link": "https://www.tiktokv.com/share/video/7389626834356358432/"
        },
        {
          "Date": "2025-07-02 08:36:03",
          "Link": "https://www.tiktokv.com/share/video/7498766840273915158/"
        },
        {
          "Date": "2025-07-02 08:49:29",
          "Link": "https://www.tiktokv.com/share/video/7164437339853311237/"
        },
        {
          "Date": "2025-07-02 08:50:03",
          "Link": "https://www.tiktokv.com/share/video/7432295871464623392/"
        },
        {
          "Date": "2025-07-02 08:50:05",
          "Link": "https://www.tiktokv.com/share/video/7164437339853311237/"
        },
        {
          "Date": "2025-07-02 08:50:12",
          "Link": "https://www.tiktokv.com/share/video/7432295871464623392/"
        },
        {
          "Date": "2025-07-02 08:50:40",
          "Link": "https://www.tiktokv.com/share/video/7090679236448619818/"
        },
        {
          "Date": "2025-07-02 08:50:54",
          "Link": "https://www.tiktokv.com/share/video/7485952966713806135/"
        },
        {
          "Date": "2025-07-02 08:52:23",
          "Link": "https://www.tiktokv.com/share/video/7496992167907298582/"
        },
        {
          "Date": "2025-07-02 08:52:44",
          "Link": "https://www.tiktokv.com/share/video/7372143687826001185/"
        },
        {
          "Date": "2025-07-02 08:52:52",
          "Link": "https://www.tiktokv.com/share/video/7481148828142374187/"
        },
        {
          "Date": "2025-07-02 08:53:26",
          "Link": "https://www.tiktokv.com/share/video/7296937818645892384/"
        },
        {
          "Date": "2025-07-02 08:53:43",
          "Link": "https://www.tiktokv.com/share/video/7443396965225762091/"
        },
        {
          "Date": "2025-07-02 08:54:58",
          "Link": "https://www.tiktokv.com/share/video/7164955249977920774/"
        },
        {
          "Date": "2025-07-02 08:55:12",
          "Link": "https://www.tiktokv.com/share/video/7187792877257346350/"
        },
        {
          "Date": "2025-07-02 08:57:48",
          "Link": "https://www.tiktokv.com/share/video/7302068588939054369/"
        },
        {
          "Date": "2025-07-02 08:58:24",
          "Link": "https://www.tiktokv.com/share/video/7164067945277213957/"
        },
        {
          "Date": "2025-07-02 08:58:37",
          "Link": "https://www.tiktokv.com/share/video/7487284842980248854/"
        },
        {
          "Date": "2025-07-02 08:59:03",
          "Link": "https://www.tiktokv.com/share/video/7506859423596416278/"
        },
        {
          "Date": "2025-07-02 08:59:24",
          "Link": "https://www.tiktokv.com/share/video/7513688399492975918/"
        },
        {
          "Date": "2025-07-02 08:59:48",
          "Link": "https://www.tiktokv.com/share/video/7472126434732084503/"
        },
        {
          "Date": "2025-07-02 09:00:09",
          "Link": "https://www.tiktokv.com/share/video/7305604527502232862/"
        },
        {
          "Date": "2025-07-02 09:00:24",
          "Link": "https://www.tiktokv.com/share/video/7395923364335881480/"
        },
        {
          "Date": "2025-07-02 09:00:47",
          "Link": "https://www.tiktokv.com/share/video/7464712852234980630/"
        },
        {
          "Date": "2025-07-02 09:01:11",
          "Link": "https://www.tiktokv.com/share/video/7508310437977558295/"
        },
        {
          "Date": "2025-07-02 10:04:05",
          "Link": "https://www.tiktokv.com/share/video/7495815620152364310/"
        },
        {
          "Date": "2025-07-02 10:05:38",
          "Link": "https://www.tiktokv.com/share/video/7509201522803232032/"
        },
        {
          "Date": "2025-07-02 10:05:42",
          "Link": "https://www.tiktokv.com/share/video/7518727319192734998/"
        },
        {
          "Date": "2025-07-02 10:05:50",
          "Link": "https://www.tiktokv.com/share/video/7510219157246446850/"
        },
        {
          "Date": "2025-07-02 10:05:57",
          "Link": "https://www.tiktokv.com/share/video/7519043484267941175/"
        },
        {
          "Date": "2025-07-02 10:06:02",
          "Link": "https://www.tiktokv.com/share/video/7510893026118470934/"
        },
        {
          "Date": "2025-07-02 10:06:07",
          "Link": "https://www.tiktokv.com/share/video/7519474531304525088/"
        },
        {
          "Date": "2025-07-02 10:06:11",
          "Link": "https://www.tiktokv.com/share/video/7502348774556077343/"
        },
        {
          "Date": "2025-07-02 10:06:16",
          "Link": "https://www.tiktokv.com/share/video/7512433925898112278/"
        },
        {
          "Date": "2025-07-02 10:06:37",
          "Link": "https://www.tiktokv.com/share/video/7516483194674302230/"
        },
        {
          "Date": "2025-07-02 10:06:42",
          "Link": "https://www.tiktokv.com/share/video/7514322612776881440/"
        },
        {
          "Date": "2025-07-02 10:06:47",
          "Link": "https://www.tiktokv.com/share/video/7516483194674302230/"
        },
        {
          "Date": "2025-07-02 10:06:55",
          "Link": "https://www.tiktokv.com/share/video/7503529856420826390/"
        },
        {
          "Date": "2025-07-02 10:07:02",
          "Link": "https://www.tiktokv.com/share/video/7520090269119778104/"
        },
        {
          "Date": "2025-07-02 10:07:40",
          "Link": "https://www.tiktokv.com/share/video/7521721186758266125/"
        },
        {
          "Date": "2025-07-02 10:07:47",
          "Link": "https://www.tiktokv.com/share/video/7520292891659455777/"
        },
        {
          "Date": "2025-07-02 10:07:51",
          "Link": "https://www.tiktokv.com/share/video/7514079050307030294/"
        },
        {
          "Date": "2025-07-02 10:07:54",
          "Link": "https://www.tiktokv.com/share/video/7522166796028218657/"
        },
        {
          "Date": "2025-07-02 10:09:34",
          "Link": "https://www.tiktokv.com/share/video/7503307651573484823/"
        },
        {
          "Date": "2025-07-02 10:09:37",
          "Link": "https://www.tiktokv.com/share/video/7519550135571844385/"
        },
        {
          "Date": "2025-07-02 10:09:46",
          "Link": "https://www.tiktokv.com/share/video/7520447264641387789/"
        },
        {
          "Date": "2025-07-02 10:10:24",
          "Link": "https://www.tiktokv.com/share/video/7505756227071151378/"
        },
        {
          "Date": "2025-07-02 10:10:41",
          "Link": "https://www.tiktokv.com/share/video/7506550933485063446/"
        },
        {
          "Date": "2025-07-02 10:11:02",
          "Link": "https://www.tiktokv.com/share/video/7500258575869054230/"
        },
        {
          "Date": "2025-07-02 10:11:04",
          "Link": "https://www.tiktokv.com/share/video/7521178819126988087/"
        },
        {
          "Date": "2025-07-02 10:11:13",
          "Link": "https://www.tiktokv.com/share/video/7510902391298870550/"
        },
        {
          "Date": "2025-07-02 10:11:26",
          "Link": "https://www.tiktokv.com/share/video/7520681366640479510/"
        },
        {
          "Date": "2025-07-02 10:11:31",
          "Link": "https://www.tiktokv.com/share/video/7521798375168150816/"
        },
        {
          "Date": "2025-07-02 10:11:40",
          "Link": "https://www.tiktokv.com/share/video/7502779409640869142/"
        },
        {
          "Date": "2025-07-02 10:11:48",
          "Link": "https://www.tiktokv.com/share/video/7521004357563780384/"
        },
        {
          "Date": "2025-07-02 10:12:41",
          "Link": "https://www.tiktokv.com/share/video/7502391792780807446/"
        },
        {
          "Date": "2025-07-02 10:12:43",
          "Link": "https://www.tiktokv.com/share/video/7519420152585227575/"
        },
        {
          "Date": "2025-07-02 10:12:51",
          "Link": "https://www.tiktokv.com/share/video/7521744816921791777/"
        },
        {
          "Date": "2025-07-02 10:12:55",
          "Link": "https://www.tiktokv.com/share/video/7496181156220587286/"
        },
        {
          "Date": "2025-07-02 10:13:00",
          "Link": "https://www.tiktokv.com/share/video/7518718297962007814/"
        },
        {
          "Date": "2025-07-02 10:13:03",
          "Link": "https://www.tiktokv.com/share/video/7520612537264590113/"
        },
        {
          "Date": "2025-07-02 10:13:05",
          "Link": "https://www.tiktokv.com/share/video/7503709209683299606/"
        },
        {
          "Date": "2025-07-02 10:13:10",
          "Link": "https://www.tiktokv.com/share/video/7505415207834012974/"
        },
        {
          "Date": "2025-07-02 10:13:19",
          "Link": "https://www.tiktokv.com/share/video/7520978004202278166/"
        },
        {
          "Date": "2025-07-02 10:13:22",
          "Link": "https://www.tiktokv.com/share/video/7511959421124119826/"
        },
        {
          "Date": "2025-07-02 10:13:23",
          "Link": "https://www.tiktokv.com/share/video/7511665261716573462/"
        },
        {
          "Date": "2025-07-02 10:13:39",
          "Link": "https://www.tiktokv.com/share/video/7506660309197770026/"
        },
        {
          "Date": "2025-07-02 10:13:40",
          "Link": "https://www.tiktokv.com/share/video/7518670504136428822/"
        },
        {
          "Date": "2025-07-02 10:13:42",
          "Link": "https://www.tiktokv.com/share/video/7513967257031068950/"
        },
        {
          "Date": "2025-07-02 10:13:48",
          "Link": "https://www.tiktokv.com/share/video/7508667848982531350/"
        },
        {
          "Date": "2025-07-02 10:13:57",
          "Link": "https://www.tiktokv.com/share/video/7522100227151645985/"
        },
        {
          "Date": "2025-07-02 10:15:27",
          "Link": "https://www.tiktokv.com/share/video/7512486166709554454/"
        },
        {
          "Date": "2025-07-02 10:16:38",
          "Link": "https://www.tiktokv.com/share/video/7520959031696018702/"
        },
        {
          "Date": "2025-07-02 10:16:51",
          "Link": "https://www.tiktokv.com/share/video/7514666063397752066/"
        },
        {
          "Date": "2025-07-02 10:16:55",
          "Link": "https://www.tiktokv.com/share/video/7514818970722127126/"
        },
        {
          "Date": "2025-07-02 10:17:03",
          "Link": "https://www.tiktokv.com/share/video/7518951225140727054/"
        },
        {
          "Date": "2025-07-02 10:17:30",
          "Link": "https://www.tiktokv.com/share/video/7521305891572829473/"
        },
        {
          "Date": "2025-07-02 10:17:32",
          "Link": "https://www.tiktokv.com/share/video/7519101146670058783/"
        },
        {
          "Date": "2025-07-02 10:25:33",
          "Link": "https://www.tiktokv.com/share/video/7498435836204109078/"
        },
        {
          "Date": "2025-07-02 10:25:44",
          "Link": "https://www.tiktokv.com/share/video/7518318194763910432/"
        },
        {
          "Date": "2025-07-02 10:25:47",
          "Link": "https://www.tiktokv.com/share/video/7494320780340202774/"
        },
        {
          "Date": "2025-07-02 10:25:49",
          "Link": "https://www.tiktokv.com/share/video/7503570399024663830/"
        },
        {
          "Date": "2025-07-02 10:25:51",
          "Link": "https://www.tiktokv.com/share/video/7518853962880044294/"
        },
        {
          "Date": "2025-07-02 10:25:53",
          "Link": "https://www.tiktokv.com/share/video/7516962863013989654/"
        },
        {
          "Date": "2025-07-02 10:25:56",
          "Link": "https://www.tiktokv.com/share/video/7502426718460808470/"
        },
        {
          "Date": "2025-07-02 10:25:58",
          "Link": "https://www.tiktokv.com/share/video/7519166036927597846/"
        },
        {
          "Date": "2025-07-02 10:26:01",
          "Link": "https://www.tiktokv.com/share/video/7496919826540154143/"
        },
        {
          "Date": "2025-07-02 10:26:03",
          "Link": "https://www.tiktokv.com/share/video/7520320082027760918/"
        },
        {
          "Date": "2025-07-02 10:26:05",
          "Link": "https://www.tiktokv.com/share/video/7508742888281476374/"
        },
        {
          "Date": "2025-07-02 10:26:07",
          "Link": "https://www.tiktokv.com/share/video/7517357578532228385/"
        },
        {
          "Date": "2025-07-02 10:26:08",
          "Link": "https://www.tiktokv.com/share/video/7515540567632268566/"
        },
        {
          "Date": "2025-07-02 10:26:11",
          "Link": "https://www.tiktokv.com/share/video/7520695731359927574/"
        },
        {
          "Date": "2025-07-02 10:26:12",
          "Link": "https://www.tiktokv.com/share/video/7520678726879677751/"
        },
        {
          "Date": "2025-07-02 10:26:14",
          "Link": "https://www.tiktokv.com/share/video/7521728538815253792/"
        },
        {
          "Date": "2025-07-02 10:26:23",
          "Link": "https://www.tiktokv.com/share/video/7514762665466547488/"
        },
        {
          "Date": "2025-07-02 10:26:27",
          "Link": "https://www.tiktokv.com/share/video/7503907574920629526/"
        },
        {
          "Date": "2025-07-02 10:26:33",
          "Link": "https://www.tiktokv.com/share/video/7508830490451791126/"
        },
        {
          "Date": "2025-07-02 10:26:36",
          "Link": "https://www.tiktokv.com/share/video/7516619354574753057/"
        },
        {
          "Date": "2025-07-02 10:26:40",
          "Link": "https://www.tiktokv.com/share/video/7512495906780990742/"
        },
        {
          "Date": "2025-07-02 10:26:42",
          "Link": "https://www.tiktokv.com/share/video/7522050728957922592/"
        },
        {
          "Date": "2025-07-02 10:26:45",
          "Link": "https://www.tiktokv.com/share/video/7501721354492759318/"
        },
        {
          "Date": "2025-07-02 10:26:47",
          "Link": "https://www.tiktokv.com/share/video/7512104423628360982/"
        },
        {
          "Date": "2025-07-02 10:26:48",
          "Link": "https://www.tiktokv.com/share/video/7489140070113365270/"
        },
        {
          "Date": "2025-07-02 10:26:54",
          "Link": "https://www.tiktokv.com/share/video/7501981714890231062/"
        },
        {
          "Date": "2025-07-02 10:27:03",
          "Link": "https://www.tiktokv.com/share/video/7519346976580734263/"
        },
        {
          "Date": "2025-07-02 10:28:10",
          "Link": "https://www.tiktokv.com/share/video/7522078506143026454/"
        },
        {
          "Date": "2025-07-02 10:28:12",
          "Link": "https://www.tiktokv.com/share/video/7515498270488153366/"
        },
        {
          "Date": "2025-07-02 10:28:14",
          "Link": "https://www.tiktokv.com/share/video/7521002166174092576/"
        },
        {
          "Date": "2025-07-02 10:28:16",
          "Link": "https://www.tiktokv.com/share/video/7513571124362480928/"
        },
        {
          "Date": "2025-07-02 10:28:18",
          "Link": "https://www.tiktokv.com/share/video/7515421864655818007/"
        },
        {
          "Date": "2025-07-02 10:28:19",
          "Link": "https://www.tiktokv.com/share/video/7509930109533506838/"
        },
        {
          "Date": "2025-07-02 10:28:27",
          "Link": "https://www.tiktokv.com/share/video/7492092088645963030/"
        },
        {
          "Date": "2025-07-02 10:28:27",
          "Link": "https://www.tiktokv.com/share/video/7513475575663709462/"
        },
        {
          "Date": "2025-07-02 10:28:30",
          "Link": "https://www.tiktokv.com/share/video/7499534316645453078/"
        },
        {
          "Date": "2025-07-02 10:28:34",
          "Link": "https://www.tiktokv.com/share/video/7516529567620664608/"
        },
        {
          "Date": "2025-07-02 10:28:36",
          "Link": "https://www.tiktokv.com/share/video/7519458378335194423/"
        },
        {
          "Date": "2025-07-02 10:28:42",
          "Link": "https://www.tiktokv.com/share/video/7517763522177092920/"
        },
        {
          "Date": "2025-07-02 10:28:47",
          "Link": "https://www.tiktokv.com/share/video/7517427896672144654/"
        },
        {
          "Date": "2025-07-02 10:28:50",
          "Link": "https://www.tiktokv.com/share/video/7517082973452258590/"
        },
        {
          "Date": "2025-07-02 10:28:51",
          "Link": "https://www.tiktokv.com/share/video/7509162893632490774/"
        },
        {
          "Date": "2025-07-02 10:28:54",
          "Link": "https://www.tiktokv.com/share/video/7521751409495149826/"
        },
        {
          "Date": "2025-07-02 10:28:55",
          "Link": "https://www.tiktokv.com/share/video/7511776971228040491/"
        },
        {
          "Date": "2025-07-02 10:28:58",
          "Link": "https://www.tiktokv.com/share/video/7517181913942019350/"
        },
        {
          "Date": "2025-07-02 10:29:00",
          "Link": "https://www.tiktokv.com/share/video/7511633794634468639/"
        },
        {
          "Date": "2025-07-02 10:29:02",
          "Link": "https://www.tiktokv.com/share/video/7520628574513138976/"
        },
        {
          "Date": "2025-07-02 10:29:03",
          "Link": "https://www.tiktokv.com/share/video/7510236832743869718/"
        },
        {
          "Date": "2025-07-02 10:29:05",
          "Link": "https://www.tiktokv.com/share/video/7518460062822583582/"
        },
        {
          "Date": "2025-07-02 10:29:07",
          "Link": "https://www.tiktokv.com/share/video/7506175163046612246/"
        },
        {
          "Date": "2025-07-02 10:29:08",
          "Link": "https://www.tiktokv.com/share/video/7522133239344024865/"
        },
        {
          "Date": "2025-07-02 10:29:10",
          "Link": "https://www.tiktokv.com/share/video/7521691377621601558/"
        },
        {
          "Date": "2025-07-02 10:29:13",
          "Link": "https://www.tiktokv.com/share/video/7521414162220600609/"
        },
        {
          "Date": "2025-07-02 10:29:17",
          "Link": "https://www.tiktokv.com/share/video/7520029013599849758/"
        },
        {
          "Date": "2025-07-02 10:29:19",
          "Link": "https://www.tiktokv.com/share/video/7522175163123666209/"
        },
        {
          "Date": "2025-07-02 10:29:21",
          "Link": "https://www.tiktokv.com/share/video/7519612361204845837/"
        },
        {
          "Date": "2025-07-02 10:29:23",
          "Link": "https://www.tiktokv.com/share/video/7512899323156303160/"
        },
        {
          "Date": "2025-07-02 10:29:25",
          "Link": "https://www.tiktokv.com/share/video/7521160342085438751/"
        },
        {
          "Date": "2025-07-02 10:29:26",
          "Link": "https://www.tiktokv.com/share/video/7512105042774740246/"
        },
        {
          "Date": "2025-07-02 10:29:28",
          "Link": "https://www.tiktokv.com/share/video/7511347149691456790/"
        },
        {
          "Date": "2025-07-02 10:29:33",
          "Link": "https://www.tiktokv.com/share/video/7510547582590913814/"
        },
        {
          "Date": "2025-07-02 10:29:58",
          "Link": "https://www.tiktokv.com/share/video/7518820021104119062/"
        },
        {
          "Date": "2025-07-02 10:30:01",
          "Link": "https://www.tiktokv.com/share/video/7521749664601754913/"
        },
        {
          "Date": "2025-07-02 10:30:06",
          "Link": "https://www.tiktokv.com/share/video/7520289446131010849/"
        },
        {
          "Date": "2025-07-02 10:30:09",
          "Link": "https://www.tiktokv.com/share/video/7512850091993042209/"
        },
        {
          "Date": "2025-07-02 10:30:12",
          "Link": "https://www.tiktokv.com/share/video/7522134235537329440/"
        },
        {
          "Date": "2025-07-02 10:30:14",
          "Link": "https://www.tiktokv.com/share/video/7510253805779438870/"
        },
        {
          "Date": "2025-07-02 10:30:16",
          "Link": "https://www.tiktokv.com/share/video/7491740486315592982/"
        },
        {
          "Date": "2025-07-02 10:30:17",
          "Link": "https://www.tiktokv.com/share/video/7510253805779438870/"
        },
        {
          "Date": "2025-07-02 10:31:24",
          "Link": "https://www.tiktokv.com/share/video/7510547582590913814/"
        },
        {
          "Date": "2025-07-02 10:31:53",
          "Link": "https://www.tiktokv.com/share/video/7491740486315592982/"
        },
        {
          "Date": "2025-07-02 10:31:57",
          "Link": "https://www.tiktokv.com/share/video/7510187227083738390/"
        },
        {
          "Date": "2025-07-02 10:32:10",
          "Link": "https://www.tiktokv.com/share/video/7509826145357925654/"
        },
        {
          "Date": "2025-07-02 10:32:13",
          "Link": "https://www.tiktokv.com/share/video/7505450814924705056/"
        },
        {
          "Date": "2025-07-02 10:36:37",
          "Link": "https://www.tiktokv.com/share/video/7515760253129231639/"
        },
        {
          "Date": "2025-07-02 10:36:40",
          "Link": "https://www.tiktokv.com/share/video/7515391917627116822/"
        },
        {
          "Date": "2025-07-02 10:36:43",
          "Link": "https://www.tiktokv.com/share/video/7515710492510326038/"
        },
        {
          "Date": "2025-07-02 10:36:48",
          "Link": "https://www.tiktokv.com/share/video/7519896196987637014/"
        },
        {
          "Date": "2025-07-02 10:37:05",
          "Link": "https://www.tiktokv.com/share/video/7516529809426517261/"
        },
        {
          "Date": "2025-07-02 10:37:19",
          "Link": "https://www.tiktokv.com/share/video/7518146972482653470/"
        },
        {
          "Date": "2025-07-02 10:37:22",
          "Link": "https://www.tiktokv.com/share/video/7521790605811387680/"
        },
        {
          "Date": "2025-07-02 10:37:32",
          "Link": "https://www.tiktokv.com/share/video/7521142687077059872/"
        },
        {
          "Date": "2025-07-02 10:37:33",
          "Link": "https://www.tiktokv.com/share/video/7502089244576320790/"
        },
        {
          "Date": "2025-07-02 10:37:35",
          "Link": "https://www.tiktokv.com/share/video/7518308192422595853/"
        },
        {
          "Date": "2025-07-02 10:37:37",
          "Link": "https://www.tiktokv.com/share/video/7506206949847862550/"
        },
        {
          "Date": "2025-07-02 10:37:39",
          "Link": "https://www.tiktokv.com/share/video/7517659012087827744/"
        },
        {
          "Date": "2025-07-02 10:37:44",
          "Link": "https://www.tiktokv.com/share/video/7514328610807794966/"
        },
        {
          "Date": "2025-07-02 10:37:46",
          "Link": "https://www.tiktokv.com/share/video/7518443421166554373/"
        },
        {
          "Date": "2025-07-02 10:37:49",
          "Link": "https://www.tiktokv.com/share/video/7517291286349532438/"
        },
        {
          "Date": "2025-07-02 10:37:51",
          "Link": "https://www.tiktokv.com/share/video/7505721728518114582/"
        },
        {
          "Date": "2025-07-02 10:37:53",
          "Link": "https://www.tiktokv.com/share/video/7512070649037278485/"
        },
        {
          "Date": "2025-07-02 10:37:55",
          "Link": "https://www.tiktokv.com/share/video/7505834087005834529/"
        },
        {
          "Date": "2025-07-02 10:37:56",
          "Link": "https://www.tiktokv.com/share/video/7520643815456181537/"
        },
        {
          "Date": "2025-07-02 10:37:58",
          "Link": "https://www.tiktokv.com/share/video/7516240533895859498/"
        },
        {
          "Date": "2025-07-02 10:38:00",
          "Link": "https://www.tiktokv.com/share/video/7496904196239756546/"
        },
        {
          "Date": "2025-07-02 10:38:03",
          "Link": "https://www.tiktokv.com/share/video/7520883947031563533/"
        },
        {
          "Date": "2025-07-02 10:38:05",
          "Link": "https://www.tiktokv.com/share/video/7496868156795800854/"
        },
        {
          "Date": "2025-07-02 10:38:07",
          "Link": "https://www.tiktokv.com/share/video/7517695362002439457/"
        },
        {
          "Date": "2025-07-02 10:38:10",
          "Link": "https://www.tiktokv.com/share/video/7519845528759209221/"
        },
        {
          "Date": "2025-07-02 10:38:12",
          "Link": "https://www.tiktokv.com/share/video/7514784514816740631/"
        },
        {
          "Date": "2025-07-02 10:38:14",
          "Link": "https://www.tiktokv.com/share/video/7496476905512766728/"
        },
        {
          "Date": "2025-07-02 10:38:17",
          "Link": "https://www.tiktokv.com/share/video/7517998661222059297/"
        },
        {
          "Date": "2025-07-02 10:38:22",
          "Link": "https://www.tiktokv.com/share/video/7513533777273031958/"
        },
        {
          "Date": "2025-07-02 10:38:24",
          "Link": "https://www.tiktokv.com/share/video/7520668621618646305/"
        },
        {
          "Date": "2025-07-02 10:38:42",
          "Link": "https://www.tiktokv.com/share/video/7507276944921218326/"
        },
        {
          "Date": "2025-07-02 10:39:19",
          "Link": "https://www.tiktokv.com/share/video/7520245871393377568/"
        },
        {
          "Date": "2025-07-02 10:39:23",
          "Link": "https://www.tiktokv.com/share/video/7507234128631270678/"
        },
        {
          "Date": "2025-07-02 10:39:24",
          "Link": "https://www.tiktokv.com/share/video/7513947674618416406/"
        },
        {
          "Date": "2025-07-02 10:39:28",
          "Link": "https://www.tiktokv.com/share/video/7521364651490168096/"
        },
        {
          "Date": "2025-07-02 10:39:30",
          "Link": "https://www.tiktokv.com/share/video/7510883867209796886/"
        },
        {
          "Date": "2025-07-02 10:39:32",
          "Link": "https://www.tiktokv.com/share/video/7520664350093217031/"
        },
        {
          "Date": "2025-07-02 10:39:34",
          "Link": "https://www.tiktokv.com/share/video/7500646775007497494/"
        },
        {
          "Date": "2025-07-02 10:39:39",
          "Link": "https://www.tiktokv.com/share/video/7502488100262661398/"
        },
        {
          "Date": "2025-07-02 10:39:41",
          "Link": "https://www.tiktokv.com/share/video/7518776174164577568/"
        },
        {
          "Date": "2025-07-02 10:39:42",
          "Link": "https://www.tiktokv.com/share/video/7512134794872933654/"
        },
        {
          "Date": "2025-07-02 10:39:54",
          "Link": "https://www.tiktokv.com/share/video/7517378869096205590/"
        },
        {
          "Date": "2025-07-02 10:39:56",
          "Link": "https://www.tiktokv.com/share/video/7519330991580761357/"
        },
        {
          "Date": "2025-07-02 10:39:56",
          "Link": "https://www.tiktokv.com/share/video/7522180671385718048/"
        },
        {
          "Date": "2025-07-02 10:39:59",
          "Link": "https://www.tiktokv.com/share/video/7507953854177119510/"
        },
        {
          "Date": "2025-07-02 10:40:00",
          "Link": "https://www.tiktokv.com/share/video/7508160363125312790/"
        },
        {
          "Date": "2025-07-02 10:40:03",
          "Link": "https://www.tiktokv.com/share/video/7520258000217443606/"
        },
        {
          "Date": "2025-07-02 10:40:05",
          "Link": "https://www.tiktokv.com/share/video/7512534785571425558/"
        },
        {
          "Date": "2025-07-02 10:40:08",
          "Link": "https://www.tiktokv.com/share/video/7520335763632885047/"
        },
        {
          "Date": "2025-07-02 10:40:09",
          "Link": "https://www.tiktokv.com/share/video/7506761958314495275/"
        },
        {
          "Date": "2025-07-02 10:40:15",
          "Link": "https://www.tiktokv.com/share/video/7506174451516509462/"
        },
        {
          "Date": "2025-07-02 10:40:21",
          "Link": "https://www.tiktokv.com/share/video/7506193220309617942/"
        },
        {
          "Date": "2025-07-02 10:40:24",
          "Link": "https://www.tiktokv.com/share/video/7504738643081317654/"
        },
        {
          "Date": "2025-07-02 10:40:27",
          "Link": "https://www.tiktokv.com/share/video/7520339829524303106/"
        },
        {
          "Date": "2025-07-02 10:40:30",
          "Link": "https://www.tiktokv.com/share/video/7522285993001635105/"
        },
        {
          "Date": "2025-07-02 10:40:33",
          "Link": "https://www.tiktokv.com/share/video/7513148790203895062/"
        },
        {
          "Date": "2025-07-02 10:40:35",
          "Link": "https://www.tiktokv.com/share/video/7512394080870042912/"
        },
        {
          "Date": "2025-07-02 10:41:18",
          "Link": "https://www.tiktokv.com/share/video/7514064353260342558/"
        },
        {
          "Date": "2025-07-02 10:41:26",
          "Link": "https://www.tiktokv.com/share/video/7517255744907939105/"
        },
        {
          "Date": "2025-07-02 10:41:27",
          "Link": "https://www.tiktokv.com/share/video/7512831237493361942/"
        },
        {
          "Date": "2025-07-02 10:41:29",
          "Link": "https://www.tiktokv.com/share/video/7520753787972111629/"
        },
        {
          "Date": "2025-07-02 10:41:31",
          "Link": "https://www.tiktokv.com/share/video/7517715599875722518/"
        },
        {
          "Date": "2025-07-02 10:41:33",
          "Link": "https://www.tiktokv.com/share/video/7498886835326831894/"
        },
        {
          "Date": "2025-07-02 10:41:50",
          "Link": "https://www.tiktokv.com/share/video/7505097458968562966/"
        },
        {
          "Date": "2025-07-02 10:41:52",
          "Link": "https://www.tiktokv.com/share/video/7516924643660352790/"
        },
        {
          "Date": "2025-07-02 10:41:53",
          "Link": "https://www.tiktokv.com/share/video/7489432826161401093/"
        },
        {
          "Date": "2025-07-02 10:41:55",
          "Link": "https://www.tiktokv.com/share/video/7517607512619699478/"
        },
        {
          "Date": "2025-07-02 10:41:57",
          "Link": "https://www.tiktokv.com/share/video/7505685247657364758/"
        },
        {
          "Date": "2025-07-02 10:42:00",
          "Link": "https://www.tiktokv.com/share/video/7512465594181012758/"
        },
        {
          "Date": "2025-07-02 10:42:02",
          "Link": "https://www.tiktokv.com/share/video/7521639245342084384/"
        },
        {
          "Date": "2025-07-02 10:42:05",
          "Link": "https://www.tiktokv.com/share/video/7491312085360495894/"
        },
        {
          "Date": "2025-07-02 10:42:05",
          "Link": "https://www.tiktokv.com/share/video/7518016905744076062/"
        },
        {
          "Date": "2025-07-02 10:42:07",
          "Link": "https://www.tiktokv.com/share/video/7521088968272792854/"
        },
        {
          "Date": "2025-07-02 10:42:08",
          "Link": "https://www.tiktokv.com/share/video/7503517742109068566/"
        },
        {
          "Date": "2025-07-02 10:42:10",
          "Link": "https://www.tiktokv.com/share/video/7517839482419186958/"
        },
        {
          "Date": "2025-07-02 10:42:12",
          "Link": "https://www.tiktokv.com/share/video/7492720477236989190/"
        },
        {
          "Date": "2025-07-02 10:42:14",
          "Link": "https://www.tiktokv.com/share/video/7510225190597496086/"
        },
        {
          "Date": "2025-07-02 10:42:16",
          "Link": "https://www.tiktokv.com/share/video/7518661632357092630/"
        },
        {
          "Date": "2025-07-02 10:42:18",
          "Link": "https://www.tiktokv.com/share/video/7521727630090013985/"
        },
        {
          "Date": "2025-07-02 10:42:20",
          "Link": "https://www.tiktokv.com/share/video/7518765594167020833/"
        },
        {
          "Date": "2025-07-02 10:42:22",
          "Link": "https://www.tiktokv.com/share/video/7518043614857956641/"
        },
        {
          "Date": "2025-07-02 10:42:23",
          "Link": "https://www.tiktokv.com/share/video/7499481103263108374/"
        },
        {
          "Date": "2025-07-02 10:42:25",
          "Link": "https://www.tiktokv.com/share/video/7504282994987978006/"
        },
        {
          "Date": "2025-07-02 10:42:27",
          "Link": "https://www.tiktokv.com/share/video/7515114845902048545/"
        },
        {
          "Date": "2025-07-02 10:42:28",
          "Link": "https://www.tiktokv.com/share/video/7513094631387647254/"
        },
        {
          "Date": "2025-07-02 10:42:30",
          "Link": "https://www.tiktokv.com/share/video/7520071610791939341/"
        },
        {
          "Date": "2025-07-02 10:42:33",
          "Link": "https://www.tiktokv.com/share/video/7498813423619198251/"
        },
        {
          "Date": "2025-07-02 10:42:35",
          "Link": "https://www.tiktokv.com/share/video/7512837945489952056/"
        },
        {
          "Date": "2025-07-02 10:42:41",
          "Link": "https://www.tiktokv.com/share/video/7518799233026362646/"
        },
        {
          "Date": "2025-07-02 10:42:44",
          "Link": "https://www.tiktokv.com/share/video/7519630100623576375/"
        },
        {
          "Date": "2025-07-02 10:42:52",
          "Link": "https://www.tiktokv.com/share/video/7510609548881775915/"
        },
        {
          "Date": "2025-07-02 10:42:53",
          "Link": "https://www.tiktokv.com/share/video/7513584686405389590/"
        },
        {
          "Date": "2025-07-02 10:42:57",
          "Link": "https://www.tiktokv.com/share/video/7515069992623148321/"
        },
        {
          "Date": "2025-07-02 10:42:58",
          "Link": "https://www.tiktokv.com/share/video/7510926448778153238/"
        },
        {
          "Date": "2025-07-02 10:42:59",
          "Link": "https://www.tiktokv.com/share/video/7514018647178808598/"
        },
        {
          "Date": "2025-07-02 10:43:10",
          "Link": "https://www.tiktokv.com/share/video/7515373769284652310/"
        },
        {
          "Date": "2025-07-02 10:43:11",
          "Link": "https://www.tiktokv.com/share/video/7514018647178808598/"
        },
        {
          "Date": "2025-07-02 10:43:15",
          "Link": "https://www.tiktokv.com/share/video/7515373769284652310/"
        },
        {
          "Date": "2025-07-02 10:43:20",
          "Link": "https://www.tiktokv.com/share/video/7508030820632775941/"
        },
        {
          "Date": "2025-07-02 10:43:23",
          "Link": "https://www.tiktokv.com/share/video/7521819314203233549/"
        },
        {
          "Date": "2025-07-02 10:43:35",
          "Link": "https://www.tiktokv.com/share/video/7513223612996898104/"
        },
        {
          "Date": "2025-07-02 10:43:38",
          "Link": "https://www.tiktokv.com/share/video/7517305537973718305/"
        },
        {
          "Date": "2025-07-02 10:43:39",
          "Link": "https://www.tiktokv.com/share/video/7513223612996898104/"
        },
        {
          "Date": "2025-07-02 10:44:07",
          "Link": "https://www.tiktokv.com/share/video/7517305537973718305/"
        },
        {
          "Date": "2025-07-02 10:44:13",
          "Link": "https://www.tiktokv.com/share/video/7519617928648559903/"
        },
        {
          "Date": "2025-07-02 10:44:13",
          "Link": "https://www.tiktokv.com/share/video/7513223612996898104/"
        },
        {
          "Date": "2025-07-02 10:45:15",
          "Link": "https://www.tiktokv.com/share/video/7491730001591586070/"
        },
        {
          "Date": "2025-07-02 10:45:24",
          "Link": "https://www.tiktokv.com/share/video/7521829130321628438/"
        },
        {
          "Date": "2025-07-02 10:45:28",
          "Link": "https://www.tiktokv.com/share/video/7489465467002752278/"
        },
        {
          "Date": "2025-07-02 10:45:29",
          "Link": "https://www.tiktokv.com/share/video/7508298882758020374/"
        },
        {
          "Date": "2025-07-02 10:45:31",
          "Link": "https://www.tiktokv.com/share/video/7519944912121367841/"
        },
        {
          "Date": "2025-07-02 10:45:32",
          "Link": "https://www.tiktokv.com/share/video/7517789692771814678/"
        },
        {
          "Date": "2025-07-02 10:45:34",
          "Link": "https://www.tiktokv.com/share/video/7502148596003884310/"
        },
        {
          "Date": "2025-07-02 10:45:36",
          "Link": "https://www.tiktokv.com/share/video/7521056363204840727/"
        },
        {
          "Date": "2025-07-02 10:45:37",
          "Link": "https://www.tiktokv.com/share/video/7518845673542896918/"
        },
        {
          "Date": "2025-07-02 10:45:40",
          "Link": "https://www.tiktokv.com/share/video/7520730184350272781/"
        },
        {
          "Date": "2025-07-02 10:45:42",
          "Link": "https://www.tiktokv.com/share/video/7522126596354886944/"
        },
        {
          "Date": "2025-07-02 10:45:44",
          "Link": "https://www.tiktokv.com/share/video/7518455605565115670/"
        },
        {
          "Date": "2025-07-02 10:45:46",
          "Link": "https://www.tiktokv.com/share/video/7520558111875157270/"
        },
        {
          "Date": "2025-07-02 10:46:38",
          "Link": "https://www.tiktokv.com/share/video/7515402617497865494/"
        },
        {
          "Date": "2025-07-02 10:46:39",
          "Link": "https://www.tiktokv.com/share/video/7516514243261320470/"
        },
        {
          "Date": "2025-07-02 10:46:41",
          "Link": "https://www.tiktokv.com/share/video/7516249185293733143/"
        },
        {
          "Date": "2025-07-02 10:46:43",
          "Link": "https://www.tiktokv.com/share/video/7518434636599463223/"
        },
        {
          "Date": "2025-07-02 10:46:45",
          "Link": "https://www.tiktokv.com/share/video/7511221056997231894/"
        },
        {
          "Date": "2025-07-02 10:46:47",
          "Link": "https://www.tiktokv.com/share/video/7522055392835243286/"
        },
        {
          "Date": "2025-07-02 10:46:53",
          "Link": "https://www.tiktokv.com/share/video/7520983473583131934/"
        },
        {
          "Date": "2025-07-02 10:46:55",
          "Link": "https://www.tiktokv.com/share/video/7518397506829454625/"
        },
        {
          "Date": "2025-07-02 10:46:57",
          "Link": "https://www.tiktokv.com/share/video/7521795765258226966/"
        },
        {
          "Date": "2025-07-02 10:46:58",
          "Link": "https://www.tiktokv.com/share/video/7511094175908072747/"
        },
        {
          "Date": "2025-07-02 10:47:01",
          "Link": "https://www.tiktokv.com/share/video/7514744965575085314/"
        },
        {
          "Date": "2025-07-02 10:47:06",
          "Link": "https://www.tiktokv.com/share/video/7517872879074037014/"
        },
        {
          "Date": "2025-07-02 10:47:09",
          "Link": "https://www.tiktokv.com/share/video/7515418165522828566/"
        },
        {
          "Date": "2025-07-02 10:47:12",
          "Link": "https://www.tiktokv.com/share/video/7505648695170370838/"
        },
        {
          "Date": "2025-07-02 10:48:34",
          "Link": "https://www.tiktokv.com/share/video/7510452049679568171/"
        },
        {
          "Date": "2025-07-02 10:48:37",
          "Link": "https://www.tiktokv.com/share/video/7511226809292197151/"
        },
        {
          "Date": "2025-07-02 10:48:39",
          "Link": "https://www.tiktokv.com/share/video/7514851297007275286/"
        },
        {
          "Date": "2025-07-02 10:48:41",
          "Link": "https://www.tiktokv.com/share/video/7514769438172892438/"
        },
        {
          "Date": "2025-07-02 10:48:43",
          "Link": "https://www.tiktokv.com/share/video/7514982051708259616/"
        },
        {
          "Date": "2025-07-02 10:48:45",
          "Link": "https://www.tiktokv.com/share/video/7514769438172892438/"
        },
        {
          "Date": "2025-07-02 10:48:54",
          "Link": "https://www.tiktokv.com/share/video/7514982051708259616/"
        },
        {
          "Date": "2025-07-02 10:48:56",
          "Link": "https://www.tiktokv.com/share/video/7514232927866195222/"
        },
        {
          "Date": "2025-07-02 10:48:59",
          "Link": "https://www.tiktokv.com/share/video/7497305955068136726/"
        },
        {
          "Date": "2025-07-02 10:49:01",
          "Link": "https://www.tiktokv.com/share/video/7522136977831922967/"
        },
        {
          "Date": "2025-07-02 10:49:06",
          "Link": "https://www.tiktokv.com/share/video/7501744199377718550/"
        },
        {
          "Date": "2025-07-02 10:49:08",
          "Link": "https://www.tiktokv.com/share/video/7515248807345507615/"
        },
        {
          "Date": "2025-07-02 10:49:09",
          "Link": "https://www.tiktokv.com/share/video/7509559379855805718/"
        },
        {
          "Date": "2025-07-02 10:49:10",
          "Link": "https://www.tiktokv.com/share/video/7519500347274956050/"
        },
        {
          "Date": "2025-07-02 10:49:12",
          "Link": "https://www.tiktokv.com/share/video/7503631055853833494/"
        },
        {
          "Date": "2025-07-02 10:49:15",
          "Link": "https://www.tiktokv.com/share/video/7519483319180971286/"
        },
        {
          "Date": "2025-07-02 10:49:17",
          "Link": "https://www.tiktokv.com/share/video/7518028539036175618/"
        },
        {
          "Date": "2025-07-02 10:49:19",
          "Link": "https://www.tiktokv.com/share/video/7518671628255972630/"
        },
        {
          "Date": "2025-07-02 10:49:22",
          "Link": "https://www.tiktokv.com/share/video/7519869002085158176/"
        },
        {
          "Date": "2025-07-02 10:49:24",
          "Link": "https://www.tiktokv.com/share/video/7501621452677057815/"
        },
        {
          "Date": "2025-07-02 10:49:26",
          "Link": "https://www.tiktokv.com/share/video/7518389334186134806/"
        },
        {
          "Date": "2025-07-02 10:49:27",
          "Link": "https://www.tiktokv.com/share/video/7518971805390916878/"
        },
        {
          "Date": "2025-07-02 10:49:30",
          "Link": "https://www.tiktokv.com/share/video/7515053722863504673/"
        },
        {
          "Date": "2025-07-02 10:49:31",
          "Link": "https://www.tiktokv.com/share/video/7518112986435751170/"
        },
        {
          "Date": "2025-07-02 10:49:32",
          "Link": "https://www.tiktokv.com/share/video/7506504765396978966/"
        },
        {
          "Date": "2025-07-02 10:49:40",
          "Link": "https://www.tiktokv.com/share/video/7520641738340355361/"
        },
        {
          "Date": "2025-07-02 10:49:42",
          "Link": "https://www.tiktokv.com/share/video/7518692988743175446/"
        },
        {
          "Date": "2025-07-02 10:49:45",
          "Link": "https://www.tiktokv.com/share/video/7510654752812797226/"
        },
        {
          "Date": "2025-07-02 10:49:48",
          "Link": "https://www.tiktokv.com/share/video/7512526680695508246/"
        },
        {
          "Date": "2025-07-02 10:49:49",
          "Link": "https://www.tiktokv.com/share/video/7518792072611040534/"
        },
        {
          "Date": "2025-07-02 10:49:51",
          "Link": "https://www.tiktokv.com/share/video/7504959548692745505/"
        },
        {
          "Date": "2025-07-02 10:50:12",
          "Link": "https://www.tiktokv.com/share/video/7513958623475813654/"
        },
        {
          "Date": "2025-07-02 10:50:15",
          "Link": "https://www.tiktokv.com/share/video/7498367210075770167/"
        },
        {
          "Date": "2025-07-02 10:50:16",
          "Link": "https://www.tiktokv.com/share/video/7519537926217174302/"
        },
        {
          "Date": "2025-07-02 10:50:17",
          "Link": "https://www.tiktokv.com/share/video/7511611137931136278/"
        },
        {
          "Date": "2025-07-02 10:50:20",
          "Link": "https://www.tiktokv.com/share/video/7520198816692210975/"
        },
        {
          "Date": "2025-07-02 10:50:24",
          "Link": "https://www.tiktokv.com/share/video/7510941369112825110/"
        },
        {
          "Date": "2025-07-02 10:50:26",
          "Link": "https://www.tiktokv.com/share/video/7515526678102215966/"
        },
        {
          "Date": "2025-07-02 10:50:38",
          "Link": "https://www.tiktokv.com/share/video/7517609358981713182/"
        },
        {
          "Date": "2025-07-02 10:50:41",
          "Link": "https://www.tiktokv.com/share/video/7519222808908467478/"
        },
        {
          "Date": "2025-07-02 10:50:48",
          "Link": "https://www.tiktokv.com/share/video/7520718236812381447/"
        },
        {
          "Date": "2025-07-02 10:50:54",
          "Link": "https://www.tiktokv.com/share/video/7517695579112230166/"
        },
        {
          "Date": "2025-07-02 10:50:57",
          "Link": "https://www.tiktokv.com/share/video/7518392916277071136/"
        },
        {
          "Date": "2025-07-02 10:51:02",
          "Link": "https://www.tiktokv.com/share/video/7519572131408039190/"
        },
        {
          "Date": "2025-07-02 10:51:07",
          "Link": "https://www.tiktokv.com/share/video/7516952391552437536/"
        },
        {
          "Date": "2025-07-02 10:51:16",
          "Link": "https://www.tiktokv.com/share/video/7514743964071644438/"
        },
        {
          "Date": "2025-07-02 10:51:19",
          "Link": "https://www.tiktokv.com/share/video/7517236906468429078/"
        },
        {
          "Date": "2025-07-02 10:51:22",
          "Link": "https://www.tiktokv.com/share/video/7513562273131105559/"
        },
        {
          "Date": "2025-07-02 10:51:24",
          "Link": "https://www.tiktokv.com/share/video/7517331801690344759/"
        },
        {
          "Date": "2025-07-02 10:51:25",
          "Link": "https://www.tiktokv.com/share/video/7518100701050899734/"
        },
        {
          "Date": "2025-07-02 10:51:26",
          "Link": "https://www.tiktokv.com/share/video/7507855106700872982/"
        },
        {
          "Date": "2025-07-02 11:04:50",
          "Link": "https://www.tiktokv.com/share/video/7510323956713262358/"
        },
        {
          "Date": "2025-07-02 11:06:13",
          "Link": "https://www.tiktokv.com/share/video/7510547582590913814/"
        },
        {
          "Date": "2025-07-02 11:06:15",
          "Link": "https://www.tiktokv.com/share/video/7515444490010643734/"
        },
        {
          "Date": "2025-07-02 12:19:30",
          "Link": "https://www.tiktokv.com/share/video/7510547582590913814/"
        },
        {
          "Date": "2025-07-02 12:19:31",
          "Link": "https://www.tiktokv.com/share/video/7498695847639649558/"
        },
        {
          "Date": "2025-07-02 12:19:50",
          "Link": "https://www.tiktokv.com/share/video/7513223612996898104/"
        },
        {
          "Date": "2025-07-02 12:20:29",
          "Link": "https://www.tiktokv.com/share/video/7517334056124697888/"
        },
        {
          "Date": "2025-07-02 13:32:09",
          "Link": "https://www.tiktokv.com/share/video/7296937818645892384/"
        },
        {
          "Date": "2025-07-02 14:28:31",
          "Link": "https://www.tiktokv.com/share/video/7510547582590913814/"
        },
        {
          "Date": "2025-07-02 14:28:31",
          "Link": "https://www.tiktokv.com/share/video/7513223612996898104/"
        },
        {
          "Date": "2025-07-02 14:28:32",
          "Link": "https://www.tiktokv.com/share/video/7518813662266641686/"
        },
        {
          "Date": "2025-07-02 20:54:15",
          "Link": "https://www.tiktokv.com/share/video/7510547582590913814/"
        },
        {
          "Date": "2025-07-02 20:54:15",
          "Link": "https://www.tiktokv.com/share/video/7513223612996898104/"
        },
        {
          "Date": "2025-07-02 20:54:17",
          "Link": "https://www.tiktokv.com/share/video/7503599277936053526/"
        },
        {
          "Date": "2025-07-02 20:55:13",
          "Link": "https://www.tiktokv.com/share/video/7503599277936053526/"
        },
        {
          "Date": "2025-07-02 21:45:12",
          "Link": "https://www.tiktokv.com/share/video/7518560091675561239/"
        },
        {
          "Date": "2025-07-02 21:45:12",
          "Link": "https://www.tiktokv.com/share/video/7510547582590913814/"
        },
        {
          "Date": "2025-07-02 21:45:12",
          "Link": "https://www.tiktokv.com/share/video/7513223612996898104/"
        },
        {
          "Date": "2025-07-02 21:46:14",
          "Link": "https://www.tiktokv.com/share/video/7518560091675561239/"
        }
      ]
    }
  }
}

