{
  "Ads and data": {
    "Ad Interests": {
      "AdInterestCategories": ""
    },
    "Instant Form Ads Responses": {
      "ResponsesList": null
    },
    "Off TikTok Activity": {
      "OffTikTokActivityDataList": null
    }
  },
  "App Settings": {
    "Block List": {
      "App": 1,
      "BlockList": null
    },
    "Settings": {
      "App": 1,
      "SettingsMap": {
        "Allow DownLoad": "Off",
        "Allow Others to Find Me": "Enabled",
        "App Language": "English",
        "Content Preferences": {
          "Keyword filters for videos in Following feed": [],
          "Keyword filters for videos in For You feed": [],
          "Video Languages Preferences": []
        },
        "Family Content Preferences": {},
        "Filter Comments": "Enabled",
        "Interests": "",
        "Private Account": "Enabled",
        "Push Notification": {
          "Desktop notification": "Default",
          "New Comments on My Video": "Default",
          "New Fans": "Default",
          "New Likes on My Video": "Default"
        },
        "Suggest your account to Facebook friends": "disabled",
        "Suggest your account to contacts": "disabled",
        "Suggest your account to people who open or send links to you": "disabled",
        "Web Language": "N/A",
        "Who Can Duet With Me": "Off",
        "Who Can Post Comments": "Everyone",
        "Who Can Send Me Message": "Off",
        "Who Can Stitch with your videos": "Off",
        "Who Can View Videos I Liked": "Myself"
      }
    }
  },
  "Comment": {
    "Comments": {
      "App": 1,
      "CommentsList": null
    }
  },
  "Direct Message": {
    "Direct Messages": {
      "ChatHistory": {}
    }
  },
  "Income Plus Wallet Transactions": {
    "Transaction History": {
      "TransactionsList": null
    }
  },
  "Location Review": {
    "Location Reviews": {
      "ReviewsList": null
    }
  },
  "Post": {
    "Posts": {
      "VideoList": null
    },
    "Recently Deleted Posts": {
      "PostList": []
    }
  },
  "Profile": {
    "AI-Moji": {
      "CreateDate": "",
      "AIMojiList": null
    },
    "Autofill": {
      "PhoneNumber": "N/A",
      "Email": "N/A",
      "FirstName": "N/A",
      "LastName": "N/A",
      "Address": "N/A",
      "ZipCode": "N/A",
      "Unit": "N/A",
      "City": "N/A",
      "State": "N/A",
      "Country": "N/A"
    },
    "Profile Info": {
      "App": 1,
      "ProfileMap": {
        "PlatformInfo": [],
        "bioDescription": "📍NL | 16\n💅 skincare & ootd’s\n🎧 livie forever\n#dutchgirlthings",
        "birthDate": "01-Jul-2009",
        "emailAddress": "emma.jansen09@proton.me",
        "inferredGender": "None",
        "likesReceived": "None",
        "profilePhoto": "https://p16-sign-useast2a.tiktokcdn.com/tos-useast2a-avt-0068-euttp/e0c89e4a67fd4220e6fd908f7daf1d5f~tplv-tiktokx-cropcenter:1080:1080.webp?dr=10399&refresh_token=034947ea&x-expires=1751623200&x-signature=5GFuA69kQoBQCMHip1YnTkfeWWA%3D&t=4d5b0474&ps=13740610&shp=a5d48078&shcp=7996dd0b&idc=useast2a",
        "profileVideo": "None",
        "telephoneNumber": "None",
        "userName": "emma.jansen09"
      }
    }
  },
  "TikTok Shop": {
    "Communication With Shops": {
      "CommunicationHistories": null
    },
    "Current Payment Information": {
      "PayCard": null
    },
    "Customer Support History": {
      "CustomerSupportHistories": null
    },
    "Order Dispute History": {
      "OrderDisputeHistories": null
    },
    "Order History": {
      "OrderHistories": null
    },
    "Product Browsing History": {
      "ProductBrowsingHistories": null
    },
    "Product Reviews": {
      "ProductReviewHistories": null
    },
    "Returns and Refunds History": {
      "ReturnAndRefundHistories": null
    },
    "Saved Address Information": {
      "SavedAddress": null
    },
    "Shopping Cart List": {
      "ShoppingCart": null
    },
    "Vouchers": {
      "Vouchers": null
    }
  },
  "Tiktok Live": {
    "Go Live History": {
      "GoLiveList": null
    },
    "Go Live Settings": {
      "SettingsMap": {
        "Allow agencies to find and invite you": "N/A",
        "Allow others to invite you to co-host in LIVE": "On",
        "Allow people to send and receive comments during your LIVE": "N/A",
        "Allow suggested LIVE hosts to invite you to co-host in LIVE": "On",
        "Allow viewers to request to go LIVE with you": "N/A",
        "Allow viewers to see and send questions and answers in your LIVE": "N/A",
        "Allow viewers to send you gifts during your LIVE": "N/A",
        "Hide comments that contain the following keywords from your LIVE": [],
        "Hide potential spam or offensive comments from your LIVE": "N/A",
        "People you assigned to moderate your LIVE": [],
        "Show your username and gift information in features with ranking lists": "Off"
      }
    },
    "Watch Live History": {
      "WatchLiveMap": {}
    },
    "Watch Live Settings": {
      "WatchLiveSettingsMap": {
        "app": "N/A",
        "web": "N/A"
      },
      "MostRecentModificationTimeInApp": "0",
      "MostRecentModificationTimeInWeb": "0"
    }
  },
  "Your Activity": {
    "Activity Summary": {
      "ActivitySummaryMap": {
        "note": "data may have delays of up to several days",
        "videosCommentedOnSinceAccountRegistration": 0,
        "videosSharedSinceAccountRegistration": 0,
        "videosWatchedToTheEndSinceAccountRegistration": 0
      }
    },
    "Favorite Effects": {
      "FavoriteEffectsList": null
    },
    "Favorite Hashtags": {
      "FavoriteHashtagList": null
    },
    "Favorite Sounds": {
      "FavoriteSoundList": null
    },
    "Favorite Videos": {
      "App": 1,
      "FavoriteVideoList": [
        {
          "Date": "2025-07-02 10:49:26",
          "Link": "https://www.tiktokv.com/share/video/7518431282729078030/"
        },
        {
          "Date": "2025-07-02 10:45:29",
          "Link": "https://www.tiktokv.com/share/video/7518747973904387350/"
        },
        {
          "Date": "2025-07-02 10:42:43",
          "Link": "https://www.tiktokv.com/share/video/7518036725394902294/"
        },
        {
          "Date": "2025-07-02 10:39:55",
          "Link": "https://www.tiktokv.com/share/video/7521764228601072928/"
        },
        {
          "Date": "2025-07-02 10:36:26",
          "Link": "https://www.tiktokv.com/share/video/7512747051462003998/"
        },
        {
          "Date": "2025-07-02 10:34:25",
          "Link": "https://www.tiktokv.com/share/video/7508622936106913055/"
        },
        {
          "Date": "2025-07-02 10:33:18",
          "Link": "https://www.tiktokv.com/share/video/7506841245118074114/"
        },
        {
          "Date": "2025-07-02 10:23:59",
          "Link": "https://www.tiktokv.com/share/video/7489566166571175211/"
        },
        {
          "Date": "2025-07-02 10:19:41",
          "Link": "https://www.tiktokv.com/share/video/7519251417320770847/"
        },
        {
          "Date": "2025-07-02 10:09:06",
          "Link": "https://www.tiktokv.com/share/video/7522100227151645985/"
        },
        {
          "Date": "2025-07-02 09:08:11",
          "Link": "https://www.tiktokv.com/share/video/7512809511116164374/"
        },
        {
          "Date": "2025-07-02 09:07:43",
          "Link": "https://www.tiktokv.com/share/video/7371159753478688032/"
        },
        {
          "Date": "2025-07-02 09:07:09",
          "Link": "https://www.tiktokv.com/share/video/7467251916767087894/"
        },
        {
          "Date": "2025-07-02 09:06:43",
          "Link": "https://www.tiktokv.com/share/video/7512534463944035606/"
        },
        {
          "Date": "2025-07-02 09:03:32",
          "Link": "https://www.tiktokv.com/share/video/7186193472083348782/"
        },
        {
          "Date": "2025-07-02 09:01:50",
          "Link": "https://www.tiktokv.com/share/video/7222681528738909445/"
        },
        {
          "Date": "2025-07-02 09:00:55",
          "Link": "https://www.tiktokv.com/share/video/7462808262933564694/"
        },
        {
          "Date": "2025-07-02 09:00:28",
          "Link": "https://www.tiktokv.com/share/video/7456097387753393430/"
        },
        {
          "Date": "2025-07-02 08:50:41",
          "Link": "https://www.tiktokv.com/share/video/7457931335970065686/"
        },
        {
          "Date": "2025-07-02 08:50:24",
          "Link": "https://www.tiktokv.com/share/video/7407872411149831457/"
        },
        {
          "Date": "2025-07-02 08:48:40",
          "Link": "https://www.tiktokv.com/share/video/7304334128516795681/"
        },
        {
          "Date": "2025-07-02 08:47:55",
          "Link": "https://www.tiktokv.com/share/video/7432260604687158570/"
        },
        {
          "Date": "2025-07-02 08:45:11",
          "Link": "https://www.tiktokv.com/share/video/7522117124660251926/"
        },
        {
          "Date": "2025-07-02 08:44:19",
          "Link": "https://www.tiktokv.com/share/video/7480637312049843502/"
        },
        {
          "Date": "2025-07-02 08:43:34",
          "Link": "https://www.tiktokv.com/share/video/7521083411688197398/"
        },
        {
          "Date": "2025-07-02 08:39:57",
          "Link": "https://www.tiktokv.com/share/video/7522148748831493398/"
        },
        {
          "Date": "2025-07-02 08:39:18",
          "Link": "https://www.tiktokv.com/share/video/7315045890870283566/"
        },
        {
          "Date": "2025-07-02 08:36:15",
          "Link": "https://www.tiktokv.com/share/video/7420511487518592289/"
        },
        {
          "Date": "2025-07-02 08:33:25",
          "Link": "https://www.tiktokv.com/share/video/7521519756789239062/"
        },
        {
          "Date": "2025-07-02 08:32:37",
          "Link": "https://www.tiktokv.com/share/video/7520028265734524173/"
        },
        {
          "Date": "2025-07-02 08:31:39",
          "Link": "https://www.tiktokv.com/share/video/7521855319346023702/"
        },
        {
          "Date": "2025-07-02 08:30:52",
          "Link": "https://www.tiktokv.com/share/video/7521838708048383254/"
        },
        {
          "Date": "2025-07-02 08:30:08",
          "Link": "https://www.tiktokv.com/share/video/7522311675093978373/"
        },
        {
          "Date": "2025-07-02 08:26:20",
          "Link": "https://www.tiktokv.com/share/video/7521834284479417622/"
        },
        {
          "Date": "2025-07-02 08:24:32",
          "Link": "https://www.tiktokv.com/share/video/7518413598775856406/"
        },
        {
          "Date": "2025-07-02 08:24:10",
          "Link": "https://www.tiktokv.com/share/video/7522073597121285390/"
        },
        {
          "Date": "2025-07-02 08:23:32",
          "Link": "https://www.tiktokv.com/share/video/7509760025036983570/"
        },
        {
          "Date": "2025-07-02 08:14:18",
          "Link": "https://www.tiktokv.com/share/video/7521794547299470625/"
        },
        {
          "Date": "2025-07-02 08:14:02",
          "Link": "https://www.tiktokv.com/share/video/7520474386130799903/"
        },
        {
          "Date": "2025-07-02 08:13:45",
          "Link": "https://www.tiktokv.com/share/video/7370388390950341921/"
        },
        {
          "Date": "2025-07-02 08:13:15",
          "Link": "https://www.tiktokv.com/share/video/7517003251695373601/"
        },
        {
          "Date": "2025-07-02 08:12:53",
          "Link": "https://www.tiktokv.com/share/video/7522197730593099030/"
        },
        {
          "Date": "2025-07-02 08:12:20",
          "Link": "https://www.tiktokv.com/share/video/7520327510861679905/"
        },
        {
          "Date": "2025-07-02 08:11:02",
          "Link": "https://www.tiktokv.com/share/video/7521364983557491990/"
        },
        {
          "Date": "2025-07-02 08:10:47",
          "Link": "https://www.tiktokv.com/share/video/7443231964242447638/"
        },
        {
          "Date": "2025-07-02 08:10:34",
          "Link": "https://www.tiktokv.com/share/video/7521057703720930582/"
        },
        {
          "Date": "2025-07-02 08:10:20",
          "Link": "https://www.tiktokv.com/share/video/7426020717004623137/"
        },
        {
          "Date": "2025-07-02 08:06:49",
          "Link": "https://www.tiktokv.com/share/video/7361493330372431137/"
        },
        {
          "Date": "2025-07-02 08:05:55",
          "Link": "https://www.tiktokv.com/share/video/7425413755451788586/"
        },
        {
          "Date": "2025-07-02 08:04:46",
          "Link": "https://www.tiktokv.com/share/video/7506710167531162911/"
        },
        {
          "Date": "2025-07-02 08:01:07",
          "Link": "https://www.tiktokv.com/share/video/7521621690502122783/"
        },
        {
          "Date": "2025-07-02 08:00:33",
          "Link": "https://www.tiktokv.com/share/video/7289418105258888481/"
        },
        {
          "Date": "2025-07-02 07:59:08",
          "Link": "https://www.tiktokv.com/share/video/7502157315374681386/"
        },
        {
          "Date": "2025-07-02 07:58:36",
          "Link": "https://www.tiktokv.com/share/video/7284248855707716896/"
        },
        {
          "Date": "2025-07-02 07:57:47",
          "Link": "https://www.tiktokv.com/share/video/7439364746521988398/"
        },
        {
          "Date": "2025-07-02 07:56:57",
          "Link": "https://www.tiktokv.com/share/video/7319954167521398046/"
        },
        {
          "Date": "2025-07-02 07:55:55",
          "Link": "https://www.tiktokv.com/share/video/7522277651374017814/"
        },
        {
          "Date": "2025-07-02 07:55:15",
          "Link": "https://www.tiktokv.com/share/video/7522239517642722582/"
        },
        {
          "Date": "2025-07-02 07:54:46",
          "Link": "https://www.tiktokv.com/share/video/7522242083923545366/"
        },
        {
          "Date": "2025-07-02 07:53:33",
          "Link": "https://www.tiktokv.com/share/video/7522229925194075414/"
        },
        {
          "Date": "2025-07-02 07:53:01",
          "Link": "https://www.tiktokv.com/share/video/7522244155423198466/"
        },
        {
          "Date": "2025-07-02 07:47:41",
          "Link": "https://www.tiktokv.com/share/video/7521836583700548886/"
        },
        {
          "Date": "2025-07-02 07:47:11",
          "Link": "https://www.tiktokv.com/share/video/7522197244422982934/"
        },
        {
          "Date": "2025-07-02 07:46:51",
          "Link": "https://www.tiktokv.com/share/video/7522236359407439126/"
        },
        {
          "Date": "2025-07-02 07:46:26",
          "Link": "https://www.tiktokv.com/share/video/7522256134296587542/"
        },
        {
          "Date": "2025-07-02 07:46:14",
          "Link": "https://www.tiktokv.com/share/video/7522202731117956374/"
        }
      ]
    },
    "Follower": {
      "App": 1,
      "IsFastLane": false,
      "FansList": null
    },
    "Following": {
      "App": 1,
      "IsFastLane": false,
      "Following": null
    },
    "Hashtag": {
      "HashtagList": null
    },
    "Like List": {
      "App": 1,
      "ItemFavoriteList": null
    },
    "Login History": {
      "LoginHistoryList": [
        {
          "Date": "2025-07-01 10:50:13",
          "IP": "195.169.168.124",
          "DeviceModel": "Macintosh",
          "DeviceSystem": "mac 10.15 mac 10.15",
          "NetworkType": "unknown",
          "Carrier": ""
        }
      ]
    },
    "Purchases": {
      "SendGifts": {
        "SendGifts": null
      },
      "BuyGifts": {
        "BuyGifts": null
      }
    },
    "Searches": {
      "SearchList": null
    },
    "Share History": {
      "ShareHistoryList": null
    },
    "Status": {
      "Status List": [
        {
          "Resolution": "3360x2100",
          "App Version": "",
          "IDFA": "",
          "GAID": "",
          "Android ID": "",
          "IDFV": "",
          "Web ID": ""
        }
      ]
    },
    "Watch History": {
      "VideoList": [
        {
          "Date": "2025-07-01 10:49:45",
          "Link": "https://www.tiktokv.com/share/video/7519354489468456248/"
        },
        {
          "Date": "2025-07-01 10:49:52",
          "Link": "https://www.tiktokv.com/share/video/7513727520420810040/"
        },
        {
          "Date": "2025-07-01 10:49:55",
          "Link": "https://www.tiktokv.com/share/video/7506102228789349654/"
        },
        {
          "Date": "2025-07-01 13:59:26",
          "Link": "https://www.tiktokv.com/share/video/7521360061952773389/"
        },
        {
          "Date": "2025-07-01 13:59:53",
          "Link": "https://www.tiktokv.com/share/video/7491309524830211350/"
        },
        {
          "Date": "2025-07-01 14:02:34",
          "Link": "https://www.tiktokv.com/share/video/7521319853538544929/"
        },
        {
          "Date": "2025-07-01 14:02:37",
          "Link": "https://www.tiktokv.com/share/video/7519884748815093014/"
        }
      ]
    }
  }
}

