{
  "Ads and data": {
    "Ad Interests": {
      "AdInterestCategories": ""
    },
    "Instant Form Ads Responses": {
      "ResponsesList": null
    },
    "Off TikTok Activity": {
      "OffTikTokActivityDataList": null
    }
  },
  "App Settings": {
    "Block List": {
      "App": 1,
      "BlockList": null
    },
    "Settings": {
      "App": 1,
      "SettingsMap": {
        "Allow DownLoad": "Off",
        "Allow Others to Find Me": "Enabled",
        "App Language": "English",
        "Content Preferences": {
          "Keyword filters for videos in Following feed": [],
          "Keyword filters for videos in For You feed": [],
          "Video Languages Preferences": []
        },
        "Family Content Preferences": {},
        "Filter Comments": "Enabled",
        "Interests": "",
        "Private Account": "Enabled",
        "Push Notification": {
          "Desktop notification": "Default",
          "New Comments on My Video": "Default",
          "New Fans": "Default",
          "New Likes on My Video": "Default"
        },
        "Suggest your account to Facebook friends": "disabled",
        "Suggest your account to contacts": "disabled",
        "Suggest your account to people who open or send links to you": "disabled",
        "Web Language": "N/A",
        "Who Can Duet With Me": "Off",
        "Who Can Post Comments": "Friends",
        "Who Can Send Me Message": "Off",
        "Who Can Stitch with your videos": "Off",
        "Who Can View Videos I Liked": "Myself"
      }
    }
  },
  "Comment": {
    "Comments": {
      "App": 1,
      "CommentsList": null
    }
  },
  "Direct Message": {
    "Direct Messages": {
      "ChatHistory": {}
    }
  },
  "Income Plus Wallet Transactions": {
    "Transaction History": {
      "TransactionsList": null
    }
  },
  "Location Review": {
    "Location Reviews": {
      "ReviewsList": null
    }
  },
  "Post": {
    "Posts": {
      "VideoList": null
    },
    "Recently Deleted Posts": {
      "PostList": []
    }
  },
  "Profile": {
    "AI-Moji": {
      "CreateDate": "",
      "AIMojiList": null
    },
    "Autofill": {
      "PhoneNumber": "N/A",
      "Email": "N/A",
      "FirstName": "N/A",
      "LastName": "N/A",
      "Address": "N/A",
      "ZipCode": "N/A",
      "Unit": "N/A",
      "City": "N/A",
      "State": "N/A",
      "Country": "N/A"
    },
    "Profile Info": {
      "App": 1,
      "ProfileMap": {
        "PlatformInfo": [],
        "bioDescription": "stim & chill 👌",
        "birthDate": "01-Apr-2010",
        "emailAddress": "bramssjan@proton.me",
        "inferredGender": "None",
        "likesReceived": "None",
        "profilePhoto": "https://p16-sign-va.tiktokcdn.com/musically-maliva-obj/1594805258216454~tplv-tiktokx-cropcenter:1080:1080.webp?dr=10399&refresh_token=eedf9396&x-expires=1751623200&x-signature=5GTNO5PvB2xdDfbBfNGZcoXAjDk%3D&t=4d5b0474&ps=13740610&shp=a5d48078&shcp=7996dd0b&idc=useast2a",
        "profileVideo": "None",
        "telephoneNumber": "None",
        "userName": "bramssters"
      }
    }
  },
  "TikTok Shop": {
    "Communication With Shops": {
      "CommunicationHistories": null
    },
    "Current Payment Information": {
      "PayCard": null
    },
    "Customer Support History": {
      "CustomerSupportHistories": null
    },
    "Order Dispute History": {
      "OrderDisputeHistories": null
    },
    "Order History": {
      "OrderHistories": null
    },
    "Product Browsing History": {
      "ProductBrowsingHistories": null
    },
    "Product Reviews": {
      "ProductReviewHistories": null
    },
    "Returns and Refunds History": {
      "ReturnAndRefundHistories": null
    },
    "Saved Address Information": {
      "SavedAddress": null
    },
    "Shopping Cart List": {
      "ShoppingCart": null
    },
    "Vouchers": {
      "Vouchers": null
    }
  },
  "Tiktok Live": {
    "Go Live History": {
      "GoLiveList": null
    },
    "Go Live Settings": {
      "SettingsMap": {
        "Allow agencies to find and invite you": "N/A",
        "Allow others to invite you to co-host in LIVE": "On",
        "Allow people to send and receive comments during your LIVE": "N/A",
        "Allow suggested LIVE hosts to invite you to co-host in LIVE": "On",
        "Allow viewers to request to go LIVE with you": "N/A",
        "Allow viewers to see and send questions and answers in your LIVE": "N/A",
        "Allow viewers to send you gifts during your LIVE": "N/A",
        "Hide comments that contain the following keywords from your LIVE": [],
        "Hide potential spam or offensive comments from your LIVE": "N/A",
        "People you assigned to moderate your LIVE": [],
        "Show your username and gift information in features with ranking lists": "Off"
      }
    },
    "Watch Live History": {
      "WatchLiveMap": {}
    },
    "Watch Live Settings": {
      "WatchLiveSettingsMap": {
        "app": "N/A",
        "web": "N/A"
      },
      "MostRecentModificationTimeInApp": "0",
      "MostRecentModificationTimeInWeb": "0"
    }
  },
  "Your Activity": {
    "Activity Summary": {
      "ActivitySummaryMap": {
        "note": "data may have delays of up to several days",
        "videosCommentedOnSinceAccountRegistration": 0,
        "videosSharedSinceAccountRegistration": 0,
        "videosWatchedToTheEndSinceAccountRegistration": 0
      }
    },
    "Favorite Effects": {
      "FavoriteEffectsList": null
    },
    "Favorite Hashtags": {
      "FavoriteHashtagList": null
    },
    "Favorite Sounds": {
      "FavoriteSoundList": null
    },
    "Favorite Videos": {
      "App": 1,
      "FavoriteVideoList": [
        {
          "Date": "2025-07-02 10:47:24",
          "Link": "https://www.tiktokv.com/share/video/7516640344071490858/"
        },
        {
          "Date": "2025-07-02 10:32:12",
          "Link": "https://www.tiktokv.com/share/video/7520445805166152974/"
        },
        {
          "Date": "2025-07-02 10:19:52",
          "Link": "https://www.tiktokv.com/share/video/7505648454895439126/"
        },
        {
          "Date": "2025-07-02 10:15:36",
          "Link": "https://www.tiktokv.com/share/video/7520352900695035158/"
        },
        {
          "Date": "2025-07-02 10:08:46",
          "Link": "https://www.tiktokv.com/share/video/7521742239857478945/"
        },
        {
          "Date": "2025-07-02 09:15:25",
          "Link": "https://www.tiktokv.com/share/video/7489889902813826334/"
        },
        {
          "Date": "2025-07-02 09:15:10",
          "Link": "https://www.tiktokv.com/share/video/7222722679416147242/"
        },
        {
          "Date": "2025-07-02 09:13:11",
          "Link": "https://www.tiktokv.com/share/video/7450292367137033518/"
        },
        {
          "Date": "2025-07-02 09:09:09",
          "Link": "https://www.tiktokv.com/share/video/7496102168685071638/"
        },
        {
          "Date": "2025-07-02 09:09:00",
          "Link": "https://www.tiktokv.com/share/video/7521413649596992790/"
        },
        {
          "Date": "2025-07-02 09:08:09",
          "Link": "https://www.tiktokv.com/share/video/7495098646946417951/"
        },
        {
          "Date": "2025-07-02 09:07:49",
          "Link": "https://www.tiktokv.com/share/video/7469404509152824608/"
        },
        {
          "Date": "2025-07-02 09:06:56",
          "Link": "https://www.tiktokv.com/share/video/7507327153915153686/"
        },
        {
          "Date": "2025-07-02 09:06:30",
          "Link": "https://www.tiktokv.com/share/video/7516567189483179278/"
        },
        {
          "Date": "2025-07-02 09:04:03",
          "Link": "https://www.tiktokv.com/share/video/7279184661748780331/"
        },
        {
          "Date": "2025-07-02 09:03:29",
          "Link": "https://www.tiktokv.com/share/video/7194983048436403498/"
        },
        {
          "Date": "2025-07-02 09:03:17",
          "Link": "https://www.tiktokv.com/share/video/7483553748627885318/"
        },
        {
          "Date": "2025-07-02 09:02:07",
          "Link": "https://www.tiktokv.com/share/video/7481401642919922990/"
        },
        {
          "Date": "2025-07-02 08:59:00",
          "Link": "https://www.tiktokv.com/share/video/7302258996298272046/"
        },
        {
          "Date": "2025-07-02 08:58:53",
          "Link": "https://www.tiktokv.com/share/video/7519198319676099871/"
        },
        {
          "Date": "2025-07-02 08:58:21",
          "Link": "https://www.tiktokv.com/share/video/7262778446466567456/"
        },
        {
          "Date": "2025-07-02 08:57:41",
          "Link": "https://www.tiktokv.com/share/video/7348574626659929390/"
        },
        {
          "Date": "2025-07-02 08:57:13",
          "Link": "https://www.tiktokv.com/share/video/7477987422496918830/"
        },
        {
          "Date": "2025-07-02 08:56:59",
          "Link": "https://www.tiktokv.com/share/video/7475776971436346646/"
        },
        {
          "Date": "2025-07-02 08:55:00",
          "Link": "https://www.tiktokv.com/share/video/7352956189270953221/"
        },
        {
          "Date": "2025-07-02 08:47:07",
          "Link": "https://www.tiktokv.com/share/video/7483166815418502446/"
        },
        {
          "Date": "2025-07-02 08:35:09",
          "Link": "https://www.tiktokv.com/share/video/7521770153764326669/"
        },
        {
          "Date": "2025-07-02 08:31:02",
          "Link": "https://www.tiktokv.com/share/video/7483850778910739734/"
        },
        {
          "Date": "2025-07-02 08:30:29",
          "Link": "https://www.tiktokv.com/share/video/7521742567487098134/"
        },
        {
          "Date": "2025-07-02 08:25:21",
          "Link": "https://www.tiktokv.com/share/video/7478306183909035286/"
        },
        {
          "Date": "2025-07-02 08:24:37",
          "Link": "https://www.tiktokv.com/share/video/7519269960539983126/"
        },
        {
          "Date": "2025-07-02 08:23:12",
          "Link": "https://www.tiktokv.com/share/video/7198040200180698374/"
        },
        {
          "Date": "2025-07-02 08:21:48",
          "Link": "https://www.tiktokv.com/share/video/7247653542457134363/"
        },
        {
          "Date": "2025-07-02 08:21:19",
          "Link": "https://www.tiktokv.com/share/video/7328381367694216480/"
        },
        {
          "Date": "2025-07-02 08:17:29",
          "Link": "https://www.tiktokv.com/share/video/7139517350704958725/"
        },
        {
          "Date": "2025-07-02 08:15:54",
          "Link": "https://www.tiktokv.com/share/video/7521779563551067423/"
        },
        {
          "Date": "2025-07-02 08:15:23",
          "Link": "https://www.tiktokv.com/share/video/7361341163875437832/"
        },
        {
          "Date": "2025-07-02 08:14:26",
          "Link": "https://www.tiktokv.com/share/video/7275415608655711520/"
        },
        {
          "Date": "2025-07-02 08:14:17",
          "Link": "https://www.tiktokv.com/share/video/7353785092470328582/"
        },
        {
          "Date": "2025-07-02 08:12:05",
          "Link": "https://www.tiktokv.com/share/video/7477990563703164203/"
        },
        {
          "Date": "2025-07-02 08:11:32",
          "Link": "https://www.tiktokv.com/share/video/7260710022248697131/"
        },
        {
          "Date": "2025-07-02 08:11:25",
          "Link": "https://www.tiktokv.com/share/video/7176677144733453573/"
        },
        {
          "Date": "2025-07-02 08:10:13",
          "Link": "https://www.tiktokv.com/share/video/7444640991509794070/"
        },
        {
          "Date": "2025-07-02 08:09:23",
          "Link": "https://www.tiktokv.com/share/video/7371798774848523552/"
        },
        {
          "Date": "2025-07-02 08:06:16",
          "Link": "https://www.tiktokv.com/share/video/7273175802458541345/"
        },
        {
          "Date": "2025-07-02 08:05:12",
          "Link": "https://www.tiktokv.com/share/video/7270915512979197216/"
        },
        {
          "Date": "2025-07-02 08:04:24",
          "Link": "https://www.tiktokv.com/share/video/7400543819164339486/"
        },
        {
          "Date": "2025-07-02 08:04:09",
          "Link": "https://www.tiktokv.com/share/video/7468157191397051669/"
        },
        {
          "Date": "2025-07-02 08:03:57",
          "Link": "https://www.tiktokv.com/share/video/7388997328494923038/"
        },
        {
          "Date": "2025-07-02 08:03:47",
          "Link": "https://www.tiktokv.com/share/video/7337788770554481941/"
        },
        {
          "Date": "2025-07-02 08:03:32",
          "Link": "https://www.tiktokv.com/share/video/7476600682284371220/"
        },
        {
          "Date": "2025-07-02 08:01:37",
          "Link": "https://www.tiktokv.com/share/video/7480936840296533303/"
        },
        {
          "Date": "2025-07-02 08:00:47",
          "Link": "https://www.tiktokv.com/share/video/7517893861721541919/"
        },
        {
          "Date": "2025-07-02 07:56:42",
          "Link": "https://www.tiktokv.com/share/video/7214919377647422726/"
        },
        {
          "Date": "2025-07-02 07:48:33",
          "Link": "https://www.tiktokv.com/share/video/7369014178616593707/"
        },
        {
          "Date": "2025-07-02 07:47:20",
          "Link": "https://www.tiktokv.com/share/video/7487173295435992342/"
        }
      ]
    },
    "Follower": {
      "App": 1,
      "IsFastLane": false,
      "FansList": null
    },
    "Following": {
      "App": 1,
      "IsFastLane": false,
      "Following": null
    },
    "Hashtag": {
      "HashtagList": null
    },
    "Like List": {
      "App": 1,
      "ItemFavoriteList": null
    },
    "Login History": {
      "LoginHistoryList": [
        {
          "Date": "2025-07-01 11:12:26",
          "IP": "195.169.171.192",
          "DeviceModel": "SM-A165F",
          "DeviceSystem": "Android 14",
          "NetworkType": "Wi-Fi",
          "Carrier": ""
        },
        {
          "Date": "2025-07-01 13:30:42",
          "IP": "195.169.171.192",
          "DeviceModel": "SM-A165F",
          "DeviceSystem": "Android 14",
          "NetworkType": "Wi-Fi",
          "Carrier": ""
        },
        {
          "Date": "2025-07-01 13:35:07",
          "IP": "195.169.171.192",
          "DeviceModel": "SM-A165F",
          "DeviceSystem": "Android 14",
          "NetworkType": "Wi-Fi",
          "Carrier": ""
        },
        {
          "Date": "2025-07-01 13:59:42",
          "IP": "195.169.171.192",
          "DeviceModel": "SM-A165F",
          "DeviceSystem": "Android 14",
          "NetworkType": "Wi-Fi",
          "Carrier": "NL KPN"
        },
        {
          "Date": "2025-07-01 14:05:06",
          "IP": "195.169.171.192",
          "DeviceModel": "SM-A165F",
          "DeviceSystem": "Android 14",
          "NetworkType": "Wi-Fi",
          "Carrier": "NL KPN"
        },
        {
          "Date": "2025-07-01 14:07:23",
          "IP": "195.169.171.192",
          "DeviceModel": "SM-A165F",
          "DeviceSystem": "Android 14",
          "NetworkType": "Wi-Fi",
          "Carrier": "NL KPN"
        },
        {
          "Date": "2025-07-01 14:22:02",
          "IP": "195.169.171.192",
          "DeviceModel": "SM-A165F",
          "DeviceSystem": "Android 14",
          "NetworkType": "Wi-Fi",
          "Carrier": "NL KPN"
        }
      ]
    },
    "Purchases": {
      "SendGifts": {
        "SendGifts": null
      },
      "BuyGifts": {
        "BuyGifts": null
      }
    },
    "Searches": {
      "SearchList": null
    },
    "Share History": {
      "ShareHistoryList": null
    },
    "Status": {
      "Status List": [
        {
          "Resolution": "2109x1080",
          "App Version": "40.6.3",
          "IDFA": "",
          "GAID": "955c6755-c62f-4148-b11e-2efea19fb195",
          "Android ID": "76ae300557b82f98",
          "IDFV": "",
          "Web ID": ""
        }
      ]
    },
    "Watch History": {
      "VideoList": null
    }
  }
}

