{
  "Ads and data": {
    "Ad Interests": {
      "AdInterestCategories": ""
    },
    "Instant Form Ads Responses": {
      "ResponsesList": null
    },
    "Off TikTok Activity": {
      "OffTikTokActivityDataList": null
    }
  },
  "App Settings": {
    "Block List": {
      "App": 1,
      "BlockList": null
    },
    "Settings": {
      "App": 1,
      "SettingsMap": {
        "Allow DownLoad": "Everyone",
        "Allow Others to Find Me": "Disabled",
        "App Language": "English",
        "Content Preferences": {
          "Keyword filters for videos in Following feed": [],
          "Keyword filters for videos in For You feed": [],
          "Video Languages Preferences": []
        },
        "Family Content Preferences": {},
        "Filter Comments": "Enabled",
        "Interests": "",
        "Private Account": "Disabled",
        "Push Notification": {
          "Desktop notification": "Default",
          "New Comments on My Video": "Default",
          "New Fans": "Default",
          "New Likes on My Video": "Default"
        },
        "Suggest your account to Facebook friends": "enabled",
        "Suggest your account to contacts": "enabled",
        "Suggest your account to people who open or send links to you": "enabled",
        "Web Language": "N/A",
        "Who Can Duet With Me": "Everyone",
        "Who Can Post Comments": "Everyone",
        "Who Can Send Me Message": "Friends",
        "Who Can Stitch with your videos": "Everyone",
        "Who Can View Videos I Liked": "Myself"
      }
    }
  },
  "Comment": {
    "Comments": {
      "App": 1,
      "CommentsList": null
    }
  },
  "Direct Message": {
    "Direct Messages": {
      "ChatHistory": {}
    }
  },
  "Income Plus Wallet Transactions": {
    "Transaction History": {
      "TransactionsList": null
    }
  },
  "Location Review": {
    "Location Reviews": {
      "ReviewsList": null
    }
  },
  "Post": {
    "Posts": {
      "VideoList": null
    },
    "Recently Deleted Posts": {
      "PostList": []
    }
  },
  "Profile": {
    "AI-Moji": {
      "CreateDate": "",
      "AIMojiList": null
    },
    "Autofill": {
      "PhoneNumber": "N/A",
      "Email": "N/A",
      "FirstName": "N/A",
      "LastName": "N/A",
      "Address": "N/A",
      "ZipCode": "N/A",
      "Unit": "N/A",
      "City": "N/A",
      "State": "N/A",
      "Country": "N/A"
    },
    "Profile Info": {
      "App": 1,
      "ProfileMap": {
        "PlatformInfo": [],
        "bioDescription": "📚 Studying at UVA 📚\n💉 Type 2 diabetes 💉\n🌍 Explorer 🌍",
        "birthDate": "01-Jul-2004",
        "emailAddress": "sem.van.dijk04@proton.me",
        "inferredGender": "Female",
        "likesReceived": "None",
        "profilePhoto": "https://p16-sign-useast2a.tiktokcdn.com/tos-useast2a-avt-0068-euttp/138733f2f534e7aa3e6676c2f462129c~tplv-tiktokx-cropcenter:1080:1080.webp?dr=10399&refresh_token=9afc2516&x-expires=1751623200&x-signature=ADDAUJwKnRxZB%2BAuunxICinhcSc%3D&t=4d5b0474&ps=13740610&shp=a5d48078&shcp=7996dd0b&idc=useast2a",
        "profileVideo": "None",
        "telephoneNumber": "None",
        "userName": "minivan_dijk04"
      }
    }
  },
  "TikTok Shop": {
    "Communication With Shops": {
      "CommunicationHistories": null
    },
    "Current Payment Information": {
      "PayCard": null
    },
    "Customer Support History": {
      "CustomerSupportHistories": null
    },
    "Order Dispute History": {
      "OrderDisputeHistories": null
    },
    "Order History": {
      "OrderHistories": null
    },
    "Product Browsing History": {
      "ProductBrowsingHistories": null
    },
    "Product Reviews": {
      "ProductReviewHistories": null
    },
    "Returns and Refunds History": {
      "ReturnAndRefundHistories": null
    },
    "Saved Address Information": {
      "SavedAddress": null
    },
    "Shopping Cart List": {
      "ShoppingCart": null
    },
    "Vouchers": {
      "Vouchers": null
    }
  },
  "Tiktok Live": {
    "Go Live History": {
      "GoLiveList": null
    },
    "Go Live Settings": {
      "SettingsMap": {
        "Allow agencies to find and invite you": "N/A",
        "Allow others to invite you to co-host in LIVE": "On",
        "Allow people to send and receive comments during your LIVE": "N/A",
        "Allow suggested LIVE hosts to invite you to co-host in LIVE": "On",
        "Allow viewers to request to go LIVE with you": "N/A",
        "Allow viewers to see and send questions and answers in your LIVE": "N/A",
        "Allow viewers to send you gifts during your LIVE": "N/A",
        "Hide comments that contain the following keywords from your LIVE": [],
        "Hide potential spam or offensive comments from your LIVE": "N/A",
        "People you assigned to moderate your LIVE": [],
        "Show your username and gift information in features with ranking lists": "Off"
      }
    },
    "Watch Live History": {
      "WatchLiveMap": {}
    },
    "Watch Live Settings": {
      "WatchLiveSettingsMap": {
        "app": "N/A",
        "web": "N/A"
      },
      "MostRecentModificationTimeInApp": "0",
      "MostRecentModificationTimeInWeb": "0"
    }
  },
  "Your Activity": {
    "Activity Summary": {
      "ActivitySummaryMap": {
        "note": "data may have delays of up to several days",
        "videosCommentedOnSinceAccountRegistration": 0,
        "videosSharedSinceAccountRegistration": 0,
        "videosWatchedToTheEndSinceAccountRegistration": 0
      }
    },
    "Favorite Effects": {
      "FavoriteEffectsList": null
    },
    "Favorite Hashtags": {
      "FavoriteHashtagList": null
    },
    "Favorite Sounds": {
      "FavoriteSoundList": null
    },
    "Favorite Videos": {
      "App": 1,
      "FavoriteVideoList": [
        {
          "Date": "2025-07-02 10:30:52",
          "Link": "https://www.tiktokv.com/share/video/7517999125007191317/"
        },
        {
          "Date": "2025-07-02 10:25:40",
          "Link": "https://www.tiktokv.com/share/video/7507464557921783086/"
        },
        {
          "Date": "2025-07-02 09:22:23",
          "Link": "https://www.tiktokv.com/share/video/7293014345863138602/"
        },
        {
          "Date": "2025-07-02 09:21:59",
          "Link": "https://www.tiktokv.com/share/video/7255004818098359594/"
        },
        {
          "Date": "2025-07-02 09:21:46",
          "Link": "https://www.tiktokv.com/share/video/7472379464614186263/"
        },
        {
          "Date": "2025-07-02 09:21:05",
          "Link": "https://www.tiktokv.com/share/video/7462867718199463201/"
        },
        {
          "Date": "2025-07-02 09:19:51",
          "Link": "https://www.tiktokv.com/share/video/7438776390696176951/"
        },
        {
          "Date": "2025-07-02 09:16:39",
          "Link": "https://www.tiktokv.com/share/video/7415455589263871263/"
        },
        {
          "Date": "2025-07-02 09:13:44",
          "Link": "https://www.tiktokv.com/share/video/7500757900554554679/"
        },
        {
          "Date": "2025-07-02 09:13:42",
          "Link": "https://www.tiktokv.com/share/video/7511095158339882271/"
        },
        {
          "Date": "2025-07-02 09:11:35",
          "Link": "https://www.tiktokv.com/share/video/7519549597539192119/"
        },
        {
          "Date": "2025-07-02 09:11:02",
          "Link": "https://www.tiktokv.com/share/video/7485088068178070790/"
        },
        {
          "Date": "2025-07-02 09:10:01",
          "Link": "https://www.tiktokv.com/share/video/7009648425956363526/"
        },
        {
          "Date": "2025-07-02 09:06:27",
          "Link": "https://www.tiktokv.com/share/video/7344344186956582176/"
        },
        {
          "Date": "2025-07-02 09:02:29",
          "Link": "https://www.tiktokv.com/share/video/7471378788832627990/"
        },
        {
          "Date": "2025-07-02 08:53:42",
          "Link": "https://www.tiktokv.com/share/video/7517717388637375766/"
        },
        {
          "Date": "2025-07-02 08:53:23",
          "Link": "https://www.tiktokv.com/share/video/7496849069877333270/"
        },
        {
          "Date": "2025-07-02 08:53:00",
          "Link": "https://www.tiktokv.com/share/video/7512938223098711318/"
        },
        {
          "Date": "2025-07-02 08:51:47",
          "Link": "https://www.tiktokv.com/share/video/7520282343588908310/"
        },
        {
          "Date": "2025-07-02 08:50:59",
          "Link": "https://www.tiktokv.com/share/video/7505827639178071318/"
        },
        {
          "Date": "2025-07-02 08:49:56",
          "Link": "https://www.tiktokv.com/share/video/7411205280979078433/"
        },
        {
          "Date": "2025-07-02 08:49:15",
          "Link": "https://www.tiktokv.com/share/video/7508369289045363990/"
        },
        {
          "Date": "2025-07-02 08:48:57",
          "Link": "https://www.tiktokv.com/share/video/7511396524354587935/"
        },
        {
          "Date": "2025-07-02 08:47:40",
          "Link": "https://www.tiktokv.com/share/video/7506682982091033886/"
        },
        {
          "Date": "2025-07-02 08:47:26",
          "Link": "https://www.tiktokv.com/share/video/7492049876981730582/"
        },
        {
          "Date": "2025-07-02 08:43:15",
          "Link": "https://www.tiktokv.com/share/video/7465029854413524247/"
        },
        {
          "Date": "2025-07-02 08:35:35",
          "Link": "https://www.tiktokv.com/share/video/7518879552240618757/"
        },
        {
          "Date": "2025-07-02 08:23:42",
          "Link": "https://www.tiktokv.com/share/video/7337379469289606442/"
        },
        {
          "Date": "2025-07-02 08:22:24",
          "Link": "https://www.tiktokv.com/share/video/7251377923351956778/"
        },
        {
          "Date": "2025-07-02 08:20:34",
          "Link": "https://www.tiktokv.com/share/video/7417974332611202309/"
        },
        {
          "Date": "2025-07-02 08:19:15",
          "Link": "https://www.tiktokv.com/share/video/7499923753204354326/"
        },
        {
          "Date": "2025-07-02 08:17:05",
          "Link": "https://www.tiktokv.com/share/video/7495613896426802478/"
        },
        {
          "Date": "2025-07-02 08:15:58",
          "Link": "https://www.tiktokv.com/share/video/7377893574685265158/"
        },
        {
          "Date": "2025-07-02 08:15:44",
          "Link": "https://www.tiktokv.com/share/video/7521139002250923270/"
        },
        {
          "Date": "2025-07-02 08:09:40",
          "Link": "https://www.tiktokv.com/share/video/7389620056734305542/"
        },
        {
          "Date": "2025-07-02 08:08:48",
          "Link": "https://www.tiktokv.com/share/video/7377025398795685163/"
        },
        {
          "Date": "2025-07-02 08:07:59",
          "Link": "https://www.tiktokv.com/share/video/7477881707891264811/"
        },
        {
          "Date": "2025-07-02 08:06:55",
          "Link": "https://www.tiktokv.com/share/video/7371220058464406790/"
        },
        {
          "Date": "2025-07-02 08:06:29",
          "Link": "https://www.tiktokv.com/share/video/7447777947743718661/"
        },
        {
          "Date": "2025-07-02 08:05:48",
          "Link": "https://www.tiktokv.com/share/video/7006064879383743750/"
        },
        {
          "Date": "2025-07-02 08:04:19",
          "Link": "https://www.tiktokv.com/share/video/7375200657185230123/"
        },
        {
          "Date": "2025-07-02 08:03:06",
          "Link": "https://www.tiktokv.com/share/video/7334769556185009413/"
        },
        {
          "Date": "2025-07-02 08:01:21",
          "Link": "https://www.tiktokv.com/share/video/7473433486301400342/"
        },
        {
          "Date": "2025-07-02 07:59:53",
          "Link": "https://www.tiktokv.com/share/video/7520203084493065494/"
        },
        {
          "Date": "2025-07-02 07:54:17",
          "Link": "https://www.tiktokv.com/share/video/7521780920685268246/"
        },
        {
          "Date": "2025-07-02 07:53:38",
          "Link": "https://www.tiktokv.com/share/video/7518465469662252318/"
        },
        {
          "Date": "2025-07-02 07:52:14",
          "Link": "https://www.tiktokv.com/share/video/7371091338294693166/"
        },
        {
          "Date": "2025-07-02 07:50:20",
          "Link": "https://www.tiktokv.com/share/video/7470969869282872606/"
        },
        {
          "Date": "2025-07-02 07:49:59",
          "Link": "https://www.tiktokv.com/share/video/7234416267791273243/"
        },
        {
          "Date": "2025-07-02 07:49:57",
          "Link": "https://www.tiktokv.com/share/video/7394781408499125536/"
        },
        {
          "Date": "2025-07-02 07:49:55",
          "Link": "https://www.tiktokv.com/share/video/7519603048717634847/"
        },
        {
          "Date": "2025-07-02 07:49:53",
          "Link": "https://www.tiktokv.com/share/video/7439174743888104759/"
        }
      ]
    },
    "Follower": {
      "App": 1,
      "IsFastLane": false,
      "FansList": null
    },
    "Following": {
      "App": 1,
      "IsFastLane": false,
      "Following": null
    },
    "Hashtag": {
      "HashtagList": null
    },
    "Like List": {
      "App": 1,
      "ItemFavoriteList": null
    },
    "Login History": {
      "LoginHistoryList": null
    },
    "Most Recent Location Data": {
      "LocationData": {
        "Date": "N/A",
        "GpsData": "N/A",
        "LastRegion": "N/A"
      }
    },
    "Purchases": {
      "SendGifts": {
        "SendGifts": null
      },
      "BuyGifts": {
        "BuyGifts": null
      }
    },
    "Searches": {
      "SearchList": null
    },
    "Share History": {
      "ShareHistoryList": null
    },
    "Status": {
      "Status List": [
        {
          "Resolution": "1920x1200",
          "App Version": "",
          "IDFA": "",
          "GAID": "",
          "Android ID": "",
          "IDFV": "",
          "Web ID": ""
        }
      ]
    },
    "Watch History": {
      "VideoList": [
        {
          "Date": "2025-07-01 13:56:23",
          "Link": "https://www.tiktokv.com/share/video/7519474531304525088/"
        }
      ]
    }
  }
}

